gene	circuit_class	topology_type	description	evidence_source	confidence
AARS2	I	no_regulatory_info	no known feedback involvement; default feed-forward	default	low
ABHD17A	I	no_regulatory_info	no known feedback involvement; default feed-forward	default	low
ABT1	I	no_regulatory_info	no known feedback involvement; default feed-forward	default	low
ACIN1	I	no_regulatory_info	no known feedback involvement; default feed-forward	default	low
ACTB	I	no_regulatory_info	no known feedback involvement; default feed-forward	default	low
ACTL6A	I	no_regulatory_info	no known feedback involvement; default feed-forward	default	low
ACTR1A	I	no_regulatory_info	no known feedback involvement; default feed-forward	default	low
ACTR2	I	no_regulatory_info	no known feedback involvement; default feed-forward	default	low
ACTR6	I	no_regulatory_info	no known feedback involvement; default feed-forward	default	low
ACTR8	I	no_regulatory_info	no known feedback involvement; default feed-forward	default	low
ADAT2	I	no_regulatory_info	no known feedback involvement; default feed-forward	default	low
AHCTF1	I	no_regulatory_info	no known feedback involvement; default feed-forward	default	low
AHCY	I	no_regulatory_info	no known feedback involvement; default feed-forward	default	low
AIFM1	I	no_regulatory_info	no known feedback involvement; default feed-forward	default	low
ALG13	I	no_regulatory_info	no known feedback involvement; default feed-forward	default	low
ALG14	I	no_regulatory_info	no known feedback involvement; default feed-forward	default	low
ALYREF	I	no_regulatory_info	no known feedback involvement; default feed-forward	default	low
ANAPC1	I	no_regulatory_info	no known feedback involvement; default feed-forward	default	low
ANAPC11	I	no_regulatory_info	no known feedback involvement; default feed-forward	default	low
ANAPC4	I	feed_forward_target	regulated by 1 TFs (YBX1), no feedback role	TRRUST_topology	medium
ANKS6	I	no_regulatory_info	no known feedback involvement; default feed-forward	default	low
ANLN	I	no_regulatory_info	no known feedback involvement; default feed-forward	default	low
ARF4	I	no_regulatory_info	no known feedback involvement; default feed-forward	default	low
ARGLU1	I	no_regulatory_info	no known feedback involvement; default feed-forward	default	low
ARIH1	I	no_regulatory_info	no known feedback involvement; default feed-forward	default	low
ARMC6	I	no_regulatory_info	no known feedback involvement; default feed-forward	default	low
ARPC3	I	no_regulatory_info	no known feedback involvement; default feed-forward	default	low
ATF4	II	mixed_feedback_pair	mixed feedback with IRF7	TRRUST_motif	high
ATL2	I	no_regulatory_info	no known feedback involvement; default feed-forward	default	low
ATP1A1	I	no_regulatory_info	no known feedback involvement; default feed-forward	default	low
ATP2A2	I	feed_forward_target	regulated by 5 TFs (ATF6, HAX1, PPARG...), no feedback role	TRRUST_topology	medium
ATP6V1G1	I	no_regulatory_info	no known feedback involvement; default feed-forward	default	low
ATP6V1H	I	no_regulatory_info	no known feedback involvement; default feed-forward	default	low
ATRIP	I	no_regulatory_info	no known feedback involvement; default feed-forward	default	low
AURKAIP1	I	no_regulatory_info	no known feedback involvement; default feed-forward	default	low
BCAR1	I	feed_forward_target	regulated by 2 TFs (EGR1, NAB2), no feedback role	TRRUST_topology	medium
BCAS2	I	feed_forward_target	regulated by 1 TFs (ESRRB), no feedback role	TRRUST_topology	medium
BCL2L1	I	feed_forward_target	regulated by 16 TFs (BCL6, CEBPB, FOS...), no feedback role	TRRUST_topology	medium
BDP1	I	feed_forward_tf	TF with 3 known targets, no detected feedback	TRRUST_topology	medium
BNIP1	I	no_regulatory_info	no known feedback involvement; default feed-forward	default	low
BOP1	I	no_regulatory_info	no known feedback involvement; default feed-forward	default	low
BORA	I	no_regulatory_info	no known feedback involvement; default feed-forward	default	low
BPTF	I	feed_forward_tf	TF with 1 known targets, no detected feedback	TRRUST_topology	medium
BRCA1	II	negative_feedback_loop	negative feedback loop (BRCA1 → ATM → SP1 → AHR → BRCA1)	TRRUST_motif	high
BRD4	V	self_modifying	Bromodomain reader, superenhancer regulation	literature	high
BRIX1	I	no_regulatory_info	no known feedback involvement; default feed-forward	default	low
BUB1	I	no_regulatory_info	no known feedback involvement; default feed-forward	default	low
BUB1B	I	feed_forward_target	regulated by 1 TFs (ZNF143), no feedback role	TRRUST_topology	medium
BYSL	I	no_regulatory_info	no known feedback involvement; default feed-forward	default	low
C19orf25	I	no_regulatory_info	no known feedback involvement; default feed-forward	default	low
C1QBP	I	feed_forward_target	regulated by 1 TFs (SP1), no feedback role	TRRUST_topology	medium
C9orf78	I	no_regulatory_info	no known feedback involvement; default feed-forward	default	low
CACTIN	I	no_regulatory_info	no known feedback involvement; default feed-forward	default	low
CAMLG	I	no_regulatory_info	no known feedback involvement; default feed-forward	default	low
CAPZB	I	no_regulatory_info	no known feedback involvement; default feed-forward	default	low
CBLL1	I	no_regulatory_info	no known feedback involvement; default feed-forward	default	low
CBX1	V	chromatin_modifier	encodes chromatin/epigenetic modifier	gene_function	medium
CCDC59	I	no_regulatory_info	no known feedback involvement; default feed-forward	default	low
CCDC86	I	no_regulatory_info	no known feedback involvement; default feed-forward	default	low
CCNH	I	no_regulatory_info	no known feedback involvement; default feed-forward	default	low
CCNK	I	no_regulatory_info	no known feedback involvement; default feed-forward	default	low
CCT5	I	no_regulatory_info	no known feedback involvement; default feed-forward	default	low
CCT7	I	no_regulatory_info	no known feedback involvement; default feed-forward	default	low
CCT8	I	no_regulatory_info	no known feedback involvement; default feed-forward	default	low
CDC123	I	no_regulatory_info	no known feedback involvement; default feed-forward	default	low
CDC16	I	no_regulatory_info	no known feedback involvement; default feed-forward	default	low
CDC20	I	feed_forward_target	regulated by 2 TFs (PHF8, YBX1), no feedback role	TRRUST_topology	medium
CDC40	I	no_regulatory_info	no known feedback involvement; default feed-forward	default	low
CDC42	I	feed_forward_target	regulated by 1 TFs (PTTG1), no feedback role	TRRUST_topology	medium
CDC5L	I	feed_forward_tf	TF with 1 known targets, no detected feedback	TRRUST_topology	medium
CDC6	I	feed_forward_target	regulated by 7 TFs (AR, ARID3A, E2F1...), no feedback role	TRRUST_topology	medium
CDC73	I	feed_forward_target	regulated by 1 TFs (WT1), no feedback role	TRRUST_topology	medium
CDK9	I	no_regulatory_info	no known feedback involvement; default feed-forward	default	low
CENPC	I	no_regulatory_info	no known feedback involvement; default feed-forward	default	low
CENPE	I	no_regulatory_info	no known feedback involvement; default feed-forward	default	low
CENPN	I	no_regulatory_info	no known feedback involvement; default feed-forward	default	low
CENPT	I	no_regulatory_info	no known feedback involvement; default feed-forward	default	low
CENPW	I	feed_forward_target	regulated by 1 TFs (SP1), no feedback role	TRRUST_topology	medium
CEP192	I	no_regulatory_info	no known feedback involvement; default feed-forward	default	low
CEP85	I	no_regulatory_info	no known feedback involvement; default feed-forward	default	low
CHCHD4	I	no_regulatory_info	no known feedback involvement; default feed-forward	default	low
CHEK1	I	feed_forward_target	regulated by 4 TFs (BCL6, E2F1, MYC...), no feedback role	TRRUST_topology	medium
CHERP	I	no_regulatory_info	no known feedback involvement; default feed-forward	default	low
CHMP2A	I	no_regulatory_info	no known feedback involvement; default feed-forward	default	low
CHMP3	I	no_regulatory_info	no known feedback involvement; default feed-forward	default	low
CHMP5	I	no_regulatory_info	no known feedback involvement; default feed-forward	default	low
CHMP6	I	no_regulatory_info	no known feedback involvement; default feed-forward	default	low
CIAO1	I	feed_forward_target	regulated by 1 TFs (WT1), no feedback role	TRRUST_topology	medium
CIAPIN1	I	no_regulatory_info	no known feedback involvement; default feed-forward	default	low
CLASRP	I	no_regulatory_info	no known feedback involvement; default feed-forward	default	low
CLK2	I	no_regulatory_info	no known feedback involvement; default feed-forward	default	low
CMTR1	I	no_regulatory_info	no known feedback involvement; default feed-forward	default	low
CNIH4	I	no_regulatory_info	no known feedback involvement; default feed-forward	default	low
CNOT1	I	no_regulatory_info	no known feedback involvement; default feed-forward	default	low
CNOT2	I	no_regulatory_info	no known feedback involvement; default feed-forward	default	low
CNOT3	I	no_regulatory_info	no known feedback involvement; default feed-forward	default	low
COA5	I	no_regulatory_info	no known feedback involvement; default feed-forward	default	low
COASY	I	no_regulatory_info	no known feedback involvement; default feed-forward	default	low
COG6	I	no_regulatory_info	no known feedback involvement; default feed-forward	default	low
COPA	I	no_regulatory_info	no known feedback involvement; default feed-forward	default	low
COPB1	I	no_regulatory_info	no known feedback involvement; default feed-forward	default	low
COPB2	I	no_regulatory_info	no known feedback involvement; default feed-forward	default	low
COPG1	I	no_regulatory_info	no known feedback involvement; default feed-forward	default	low
COPS3	I	no_regulatory_info	no known feedback involvement; default feed-forward	default	low
COPS4	I	no_regulatory_info	no known feedback involvement; default feed-forward	default	low
COPS6	I	no_regulatory_info	no known feedback involvement; default feed-forward	default	low
COQ2	I	no_regulatory_info	no known feedback involvement; default feed-forward	default	low
COX11	I	no_regulatory_info	no known feedback involvement; default feed-forward	default	low
COX15	I	no_regulatory_info	no known feedback involvement; default feed-forward	default	low
COX17	I	no_regulatory_info	no known feedback involvement; default feed-forward	default	low
COX7C	I	feed_forward_target	regulated by 1 TFs (YY1), no feedback role	TRRUST_topology	medium
CPOX	I	no_regulatory_info	no known feedback involvement; default feed-forward	default	low
CPSF1	I	no_regulatory_info	no known feedback involvement; default feed-forward	default	low
CPSF4	I	no_regulatory_info	no known feedback involvement; default feed-forward	default	low
CSE1L	I	no_regulatory_info	no known feedback involvement; default feed-forward	default	low
CSNK1A1	I	feed_forward_target	regulated by 1 TFs (SOX17), no feedback role	TRRUST_topology	medium
CSTF1	I	no_regulatory_info	no known feedback involvement; default feed-forward	default	low
CSTF3	I	no_regulatory_info	no known feedback involvement; default feed-forward	default	low
CTNNBL1	I	no_regulatory_info	no known feedback involvement; default feed-forward	default	low
CTR9	I	no_regulatory_info	no known feedback involvement; default feed-forward	default	low
CTU2	I	no_regulatory_info	no known feedback involvement; default feed-forward	default	low
CUL1	I	no_regulatory_info	no known feedback involvement; default feed-forward	default	low
CUL3	I	no_regulatory_info	no known feedback involvement; default feed-forward	default	low
CWF19L2	I	no_regulatory_info	no known feedback involvement; default feed-forward	default	low
CXXC1	I	no_regulatory_info	no known feedback involvement; default feed-forward	default	low
CYCS	I	no_regulatory_info	no known feedback involvement; default feed-forward	default	low
DBF4	I	feed_forward_target	regulated by 3 TFs (E2F1, HES1, SP1), no feedback role	TRRUST_topology	medium
DBR1	I	no_regulatory_info	no known feedback involvement; default feed-forward	default	low
DCTN1	I	no_regulatory_info	no known feedback involvement; default feed-forward	default	low
DCTN2	I	no_regulatory_info	no known feedback involvement; default feed-forward	default	low
DCTN3	I	no_regulatory_info	no known feedback involvement; default feed-forward	default	low
DCTN5	I	no_regulatory_info	no known feedback involvement; default feed-forward	default	low
DCTN6	I	no_regulatory_info	no known feedback involvement; default feed-forward	default	low
DDOST	I	no_regulatory_info	no known feedback involvement; default feed-forward	default	low
DDX19A	I	no_regulatory_info	no known feedback involvement; default feed-forward	default	low
DDX20	I	no_regulatory_info	no known feedback involvement; default feed-forward	default	low
DDX24	I	no_regulatory_info	no known feedback involvement; default feed-forward	default	low
DDX41	I	no_regulatory_info	no known feedback involvement; default feed-forward	default	low
DDX5	I	feed_forward_tf	TF with 2 known targets, no detected feedback	TRRUST_topology	medium
DDX51	I	no_regulatory_info	no known feedback involvement; default feed-forward	default	low
DDX55	I	no_regulatory_info	no known feedback involvement; default feed-forward	default	low
DHDDS	I	no_regulatory_info	no known feedback involvement; default feed-forward	default	low
DHFR	I	feed_forward_target	regulated by 3 TFs (E2F1, RB1, TFDP1), no feedback role	TRRUST_topology	medium
DHX16	I	no_regulatory_info	no known feedback involvement; default feed-forward	default	low
DHX37	I	no_regulatory_info	no known feedback involvement; default feed-forward	default	low
DHX8	I	no_regulatory_info	no known feedback involvement; default feed-forward	default	low
DICER1	I	feed_forward_target	regulated by 2 TFs (GATA1, SOX4), no feedback role	TRRUST_topology	medium
DIMT1	I	no_regulatory_info	no known feedback involvement; default feed-forward	default	low
DNAJA1	I	no_regulatory_info	no known feedback involvement; default feed-forward	default	low
DNAJA3	I	no_regulatory_info	no known feedback involvement; default feed-forward	default	low
DNAJC8	I	no_regulatory_info	no known feedback involvement; default feed-forward	default	low
DPH2	I	no_regulatory_info	no known feedback involvement; default feed-forward	default	low
DPH3	I	no_regulatory_info	no known feedback involvement; default feed-forward	default	low
DR1	I	feed_forward_tf	TF with 4 known targets, no detected feedback	TRRUST_topology	medium
DSN1	I	no_regulatory_info	no known feedback involvement; default feed-forward	default	low
DYNC1I2	I	no_regulatory_info	no known feedback involvement; default feed-forward	default	low
EDC4	I	no_regulatory_info	no known feedback involvement; default feed-forward	default	low
EEF1G	I	no_regulatory_info	no known feedback involvement; default feed-forward	default	low
EEF2	I	no_regulatory_info	no known feedback involvement; default feed-forward	default	low
EFTUD2	I	no_regulatory_info	no known feedback involvement; default feed-forward	default	low
EIF1	I	no_regulatory_info	no known feedback involvement; default feed-forward	default	low
EIF1AX	I	no_regulatory_info	no known feedback involvement; default feed-forward	default	low
EIF2B1	I	no_regulatory_info	no known feedback involvement; default feed-forward	default	low
EIF2B3	I	no_regulatory_info	no known feedback involvement; default feed-forward	default	low
EIF2B4	I	no_regulatory_info	no known feedback involvement; default feed-forward	default	low
EIF2B5	I	no_regulatory_info	no known feedback involvement; default feed-forward	default	low
EIF2S1	I	no_regulatory_info	no known feedback involvement; default feed-forward	default	low
EIF3A	I	no_regulatory_info	no known feedback involvement; default feed-forward	default	low
EIF3F	I	no_regulatory_info	no known feedback involvement; default feed-forward	default	low
EIF3G	I	no_regulatory_info	no known feedback involvement; default feed-forward	default	low
EIF3J	I	no_regulatory_info	no known feedback involvement; default feed-forward	default	low
EIF4G1	I	no_regulatory_info	no known feedback involvement; default feed-forward	default	low
EIF4G2	I	no_regulatory_info	no known feedback involvement; default feed-forward	default	low
ELOVL1	I	no_regulatory_info	no known feedback involvement; default feed-forward	default	low
ELP2	I	no_regulatory_info	no known feedback involvement; default feed-forward	default	low
ELP3	I	no_regulatory_info	no known feedback involvement; default feed-forward	default	low
ELP6	I	no_regulatory_info	no known feedback involvement; default feed-forward	default	low
EMC3	I	no_regulatory_info	no known feedback involvement; default feed-forward	default	low
EMC7	I	no_regulatory_info	no known feedback involvement; default feed-forward	default	low
ERCC3	I	no_regulatory_info	no known feedback involvement; default feed-forward	default	low
ERH	I	no_regulatory_info	no known feedback involvement; default feed-forward	default	low
ESF1	I	no_regulatory_info	no known feedback involvement; default feed-forward	default	low
ESPL1	I	no_regulatory_info	no known feedback involvement; default feed-forward	default	low
EXOC1	I	no_regulatory_info	no known feedback involvement; default feed-forward	default	low
EXOC3	I	no_regulatory_info	no known feedback involvement; default feed-forward	default	low
EXOSC1	I	no_regulatory_info	no known feedback involvement; default feed-forward	default	low
EXOSC3	I	no_regulatory_info	no known feedback involvement; default feed-forward	default	low
EXOSC4	I	no_regulatory_info	no known feedback involvement; default feed-forward	default	low
EXOSC6	I	no_regulatory_info	no known feedback involvement; default feed-forward	default	low
EXOSC8	I	no_regulatory_info	no known feedback involvement; default feed-forward	default	low
FAM136A	I	no_regulatory_info	no known feedback involvement; default feed-forward	default	low
FAM32A	I	no_regulatory_info	no known feedback involvement; default feed-forward	default	low
FARSA	I	no_regulatory_info	no known feedback involvement; default feed-forward	default	low
FASTKD5	I	no_regulatory_info	no known feedback involvement; default feed-forward	default	low
FBXO5	I	no_regulatory_info	no known feedback involvement; default feed-forward	default	low
FEN1	I	no_regulatory_info	no known feedback involvement; default feed-forward	default	low
FNTA	I	no_regulatory_info	no known feedback involvement; default feed-forward	default	low
FOXL2	I	feed_forward_tf	TF with 5 known targets, no detected feedback	TRRUST_topology	medium
FTSJ3	I	no_regulatory_info	no known feedback involvement; default feed-forward	default	low
FXN	I	feed_forward_target	regulated by 1 TFs (SRF), no feedback role	TRRUST_topology	medium
GABPA	I	feed_forward_tf	TF with 5 known targets, no detected feedback	TRRUST_topology	medium
GAPDH	I	feed_forward_target	regulated by 3 TFs (CEBPA, CEBPD, HIF1A), no feedback role	TRRUST_topology	medium
GAR1	I	no_regulatory_info	no known feedback involvement; default feed-forward	default	low
GATA1	III	mutual_repression	GATA1-PU.1 bistable switch	literature	high
GEMIN4	I	no_regulatory_info	no known feedback involvement; default feed-forward	default	low
GEMIN6	I	no_regulatory_info	no known feedback involvement; default feed-forward	default	low
GFM1	I	no_regulatory_info	no known feedback involvement; default feed-forward	default	low
GGPS1	I	feed_forward_target	regulated by 1 TFs (EGR1), no feedback role	TRRUST_topology	medium
GINS3	I	feed_forward_target	regulated by 1 TFs (E2F1), no feedback role	TRRUST_topology	medium
GINS4	I	no_regulatory_info	no known feedback involvement; default feed-forward	default	low
GIT2	I	no_regulatory_info	no known feedback involvement; default feed-forward	default	low
GLI4	I	no_regulatory_info	no known feedback involvement; default feed-forward	default	low
GLRX5	I	no_regulatory_info	no known feedback involvement; default feed-forward	default	low
GMPS	I	feed_forward_target	regulated by 2 TFs (APBB1, KAT5), no feedback role	TRRUST_topology	medium
GNL3L	I	no_regulatory_info	no known feedback involvement; default feed-forward	default	low
GNPNAT1	I	no_regulatory_info	no known feedback involvement; default feed-forward	default	low
GON4L	I	no_regulatory_info	no known feedback involvement; default feed-forward	default	low
GOSR2	I	no_regulatory_info	no known feedback involvement; default feed-forward	default	low
GPKOW	I	no_regulatory_info	no known feedback involvement; default feed-forward	default	low
GRB2	I	no_regulatory_info	no known feedback involvement; default feed-forward	default	low
GRPEL1	I	no_regulatory_info	no known feedback involvement; default feed-forward	default	low
GRSF1	I	no_regulatory_info	no known feedback involvement; default feed-forward	default	low
GRWD1	I	no_regulatory_info	no known feedback involvement; default feed-forward	default	low
GSPT1	I	feed_forward_target	regulated by 2 TFs (CDX2, SP1), no feedback role	TRRUST_topology	medium
GTF2A2	I	no_regulatory_info	no known feedback involvement; default feed-forward	default	low
GTF2F2	I	no_regulatory_info	no known feedback involvement; default feed-forward	default	low
GTF2H1	I	no_regulatory_info	no known feedback involvement; default feed-forward	default	low
GTF2H2	I	no_regulatory_info	no known feedback involvement; default feed-forward	default	low
GTF3A	I	feed_forward_tf	TF with 5 known targets, no detected feedback	TRRUST_topology	medium
GTF3C2	I	feed_forward_target	regulated by 1 TFs (NFIC), no feedback role	TRRUST_topology	medium
GTF3C4	I	no_regulatory_info	no known feedback involvement; default feed-forward	default	low
GTF3C5	I	no_regulatory_info	no known feedback involvement; default feed-forward	default	low
GUCD1	I	no_regulatory_info	no known feedback involvement; default feed-forward	default	low
HAUS5	I	no_regulatory_info	no known feedback involvement; default feed-forward	default	low
HBS1L	I	no_regulatory_info	no known feedback involvement; default feed-forward	default	low
HCFC1	II	mixed_feedback_pair	mixed feedback with E2F4	TRRUST_motif	high
HDAC3	II	negative_feedback_loop	negative feedback loop (HDAC3 → MYC → EP300 → YY1 → HDAC3)	TRRUST_motif	high
HDAC7	IV	feedback_loop_oscillatory	cycle with ≥2 repressions (HDAC7 → ESR1 → AR → NFKB1 → HDAC7)	TRRUST_motif	high
HEATR1	I	no_regulatory_info	no known feedback involvement; default feed-forward	default	low
HGS	I	no_regulatory_info	no known feedback involvement; default feed-forward	default	low
HIRA	I	feed_forward_tf	TF with 1 known targets, no detected feedback	TRRUST_topology	medium
HMGA1	II	negative_feedback_loop	negative feedback loop (HMGA1 → BRCA1 → ATM → SP1 → HMGA1)	TRRUST_motif	high
HMGCR	I	feed_forward_target	regulated by 1 TFs (SREBF2), no feedback role	TRRUST_topology	medium
HMGN2	I	no_regulatory_info	no known feedback involvement; default feed-forward	default	low
HNRNPC	I	no_regulatory_info	no known feedback involvement; default feed-forward	default	low
HNRNPR	I	feed_forward_tf	TF with 1 known targets, no detected feedback	TRRUST_topology	medium
HOXC10	I	feed_forward_tf	TF with 1 known targets, no detected feedback	TRRUST_topology	medium
HSCB	I	no_regulatory_info	no known feedback involvement; default feed-forward	default	low
HSD17B12	I	no_regulatory_info	no known feedback involvement; default feed-forward	default	low
HSPA14	I	no_regulatory_info	no known feedback involvement; default feed-forward	default	low
HSPA5	I	feed_forward_target	regulated by 10 TFs (ATF4, ATF6, BRCA1...), no feedback role	TRRUST_topology	medium
HSPA9	I	no_regulatory_info	no known feedback involvement; default feed-forward	default	low
HUWE1	I	no_regulatory_info	no known feedback involvement; default feed-forward	default	low
IARS2	I	no_regulatory_info	no known feedback involvement; default feed-forward	default	low
IGBP1	I	no_regulatory_info	no known feedback involvement; default feed-forward	default	low
ILF2	I	feed_forward_tf	TF with 3 known targets, no detected feedback	TRRUST_topology	medium
ILF3	I	feed_forward_tf	TF with 7 known targets, no detected feedback	TRRUST_topology	medium
IMPDH2	I	feed_forward_target	regulated by 4 TFs (ATF2, EGR1, SP1...), no feedback role	TRRUST_topology	medium
INCENP	I	no_regulatory_info	no known feedback involvement; default feed-forward	default	low
INO80B	V	chromatin_modifier	encodes chromatin/epigenetic modifier	gene_function	medium
INTS2	I	no_regulatory_info	no known feedback involvement; default feed-forward	default	low
INTS9	I	no_regulatory_info	no known feedback involvement; default feed-forward	default	low
IPO13	I	feed_forward_target	regulated by 1 TFs (CTCF), no feedback role	TRRUST_topology	medium
IPO7	I	feed_forward_target	regulated by 2 TFs (MYC, TP53), no feedback role	TRRUST_topology	medium
ISCA2	I	no_regulatory_info	no known feedback involvement; default feed-forward	default	low
ISG20L2	I	no_regulatory_info	no known feedback involvement; default feed-forward	default	low
KANSL2	I	no_regulatory_info	no known feedback involvement; default feed-forward	default	low
KDM2A	I	feed_forward_tf	TF with 3 known targets, no detected feedback	TRRUST_topology	medium
KIF18B	I	no_regulatory_info	no known feedback involvement; default feed-forward	default	low
KIF23	I	no_regulatory_info	no known feedback involvement; default feed-forward	default	low
KIF4A	I	no_regulatory_info	no known feedback involvement; default feed-forward	default	low
KPNA6	I	no_regulatory_info	no known feedback involvement; default feed-forward	default	low
KPNB1	I	feed_forward_target	regulated by 2 TFs (EZH2, SRF), no feedback role	TRRUST_topology	medium
KRT8	I	no_regulatory_info	no known feedback involvement; default feed-forward	default	low
LAMTOR2	I	no_regulatory_info	no known feedback involvement; default feed-forward	default	low
LAMTOR4	I	no_regulatory_info	no known feedback involvement; default feed-forward	default	low
LENG8	I	no_regulatory_info	no known feedback involvement; default feed-forward	default	low
LIN54	I	feed_forward_target	regulated by 1 TFs (E2F4), no feedback role	TRRUST_topology	medium
LRR1	I	no_regulatory_info	no known feedback involvement; default feed-forward	default	low
LSG1	I	no_regulatory_info	no known feedback involvement; default feed-forward	default	low
LSM10	I	no_regulatory_info	no known feedback involvement; default feed-forward	default	low
LSM12	I	no_regulatory_info	no known feedback involvement; default feed-forward	default	low
LSM3	I	no_regulatory_info	no known feedback involvement; default feed-forward	default	low
LSM7	I	no_regulatory_info	no known feedback involvement; default feed-forward	default	low
LTV1	I	no_regulatory_info	no known feedback involvement; default feed-forward	default	low
MAD2L1	I	feed_forward_target	regulated by 4 TFs (BRCA1, ETV6, POU2F1...), no feedback role	TRRUST_topology	medium
MANF	I	no_regulatory_info	no known feedback involvement; default feed-forward	default	low
MARS2	I	no_regulatory_info	no known feedback involvement; default feed-forward	default	low
MAT2A	I	feed_forward_target	regulated by 7 TFs (JUN, MYB, NFKB1...), no feedback role	TRRUST_topology	medium
MAU2	I	no_regulatory_info	no known feedback involvement; default feed-forward	default	low
MAX	I	feed_forward_tf	TF with 5 known targets, no detected feedback	TRRUST_topology	medium
MBTPS1	I	no_regulatory_info	no known feedback involvement; default feed-forward	default	low
MCM10	I	feed_forward_target	regulated by 2 TFs (E2F4, MYCN), no feedback role	TRRUST_topology	medium
MCM3AP	I	no_regulatory_info	no known feedback involvement; default feed-forward	default	low
MCM4	I	feed_forward_target	regulated by 1 TFs (MYCN), no feedback role	TRRUST_topology	medium
MCM5	II	negative_feedback_loop	negative feedback loop (MCM5 → STAT1 → IRF1 → E2F1 → MCM5)	TRRUST_motif	high
MCM7	I	feed_forward_target	regulated by 3 TFs (MSC, MYCN, TP53), no feedback role	TRRUST_topology	medium
MED1	III	positive_feedback_loop	positive feedback loop (MED1 → VDR → NCOR1 → AR → MED1)	TRRUST_motif	high
MED10	I	no_regulatory_info	no known feedback involvement; default feed-forward	default	low
MED19	I	no_regulatory_info	no known feedback involvement; default feed-forward	default	low
MED20	I	no_regulatory_info	no known feedback involvement; default feed-forward	default	low
MED4	I	no_regulatory_info	no known feedback involvement; default feed-forward	default	low
MED6	I	no_regulatory_info	no known feedback involvement; default feed-forward	default	low
MED7	I	no_regulatory_info	no known feedback involvement; default feed-forward	default	low
MEPCE	I	no_regulatory_info	no known feedback involvement; default feed-forward	default	low
METAP2	I	feed_forward_target	regulated by 1 TFs (PLAGL2), no feedback role	TRRUST_topology	medium
METTL1	I	no_regulatory_info	no known feedback involvement; default feed-forward	default	low
METTL3	I	no_regulatory_info	no known feedback involvement; default feed-forward	default	low
MFAP1	I	no_regulatory_info	no known feedback involvement; default feed-forward	default	low
MIOS	I	no_regulatory_info	no known feedback involvement; default feed-forward	default	low
MIS12	I	no_regulatory_info	no known feedback involvement; default feed-forward	default	low
MIS18BP1	V	self_modifying	MIS18BP1 reads CENP-A marks and recruits new CENP-A; self-templating epigenetic centromere maintenance (Nardi et al. 2016)	literature_self_modifying	high
MLST8	I	no_regulatory_info	no known feedback involvement; default feed-forward	default	low
MNAT1	I	feed_forward_target	regulated by 2 TFs (MTA1, YBX1), no feedback role	TRRUST_topology	medium
MOCS3	I	no_regulatory_info	no known feedback involvement; default feed-forward	default	low
MRPL10	I	no_regulatory_info	no known feedback involvement; default feed-forward	default	low
MRPL14	I	no_regulatory_info	no known feedback involvement; default feed-forward	default	low
MRPL16	I	no_regulatory_info	no known feedback involvement; default feed-forward	default	low
MRPL18	I	no_regulatory_info	no known feedback involvement; default feed-forward	default	low
MRPL19	I	no_regulatory_info	no known feedback involvement; default feed-forward	default	low
MRPL2	I	no_regulatory_info	no known feedback involvement; default feed-forward	default	low
MRPL27	I	no_regulatory_info	no known feedback involvement; default feed-forward	default	low
MRPL28	I	no_regulatory_info	no known feedback involvement; default feed-forward	default	low
MRPL32	I	no_regulatory_info	no known feedback involvement; default feed-forward	default	low
MRPL33	I	no_regulatory_info	no known feedback involvement; default feed-forward	default	low
MRPL38	I	no_regulatory_info	no known feedback involvement; default feed-forward	default	low
MRPL39	I	no_regulatory_info	no known feedback involvement; default feed-forward	default	low
MRPL41	I	no_regulatory_info	no known feedback involvement; default feed-forward	default	low
MRPL45	I	no_regulatory_info	no known feedback involvement; default feed-forward	default	low
MRPL54	I	no_regulatory_info	no known feedback involvement; default feed-forward	default	low
MRPL9	I	no_regulatory_info	no known feedback involvement; default feed-forward	default	low
MRPS10	I	no_regulatory_info	no known feedback involvement; default feed-forward	default	low
MRPS12	I	no_regulatory_info	no known feedback involvement; default feed-forward	default	low
MRPS14	I	no_regulatory_info	no known feedback involvement; default feed-forward	default	low
MRPS21	I	no_regulatory_info	no known feedback involvement; default feed-forward	default	low
MRPS22	I	no_regulatory_info	no known feedback involvement; default feed-forward	default	low
MRPS24	I	no_regulatory_info	no known feedback involvement; default feed-forward	default	low
MRPS26	I	no_regulatory_info	no known feedback involvement; default feed-forward	default	low
MRPS27	I	no_regulatory_info	no known feedback involvement; default feed-forward	default	low
MRPS31	I	no_regulatory_info	no known feedback involvement; default feed-forward	default	low
MRPS34	I	no_regulatory_info	no known feedback involvement; default feed-forward	default	low
MRPS35	I	no_regulatory_info	no known feedback involvement; default feed-forward	default	low
MRPS6	I	no_regulatory_info	no known feedback involvement; default feed-forward	default	low
MSRB1	I	no_regulatory_info	no known feedback involvement; default feed-forward	default	low
MSTO1	I	no_regulatory_info	no known feedback involvement; default feed-forward	default	low
MT2A	I	feed_forward_target	regulated by 1 TFs (AHR), no feedback role	TRRUST_topology	medium
MVK	I	no_regulatory_info	no known feedback involvement; default feed-forward	default	low
MYBL2	II	autoregulation_type_unknown	autoregulation (type unknown, conservatively Class II)	TRRUST_motif	high
MYC	III	positive_feedback	MYC autoactivation + feedback	literature	high
MZF1	I	feed_forward_tf	TF with 7 known targets, no detected feedback	TRRUST_topology	medium
N6AMT1	I	no_regulatory_info	no known feedback involvement; default feed-forward	default	low
NAA10	I	no_regulatory_info	no known feedback involvement; default feed-forward	default	low
NAA25	I	no_regulatory_info	no known feedback involvement; default feed-forward	default	low
NAA35	I	no_regulatory_info	no known feedback involvement; default feed-forward	default	low
NAA38	I	no_regulatory_info	no known feedback involvement; default feed-forward	default	low
NAA50	I	no_regulatory_info	no known feedback involvement; default feed-forward	default	low
NAE1	I	no_regulatory_info	no known feedback involvement; default feed-forward	default	low
NAGLU	I	no_regulatory_info	no known feedback involvement; default feed-forward	default	low
NBAS	I	no_regulatory_info	no known feedback involvement; default feed-forward	default	low
NCAPD3	I	no_regulatory_info	no known feedback involvement; default feed-forward	default	low
NCAPH	I	no_regulatory_info	no known feedback involvement; default feed-forward	default	low
NCBP1	I	feed_forward_target	regulated by 1 TFs (UPF1), no feedback role	TRRUST_topology	medium
NCBP2	I	no_regulatory_info	no known feedback involvement; default feed-forward	default	low
NCKAP1	I	no_regulatory_info	no known feedback involvement; default feed-forward	default	low
NDUFA8	I	no_regulatory_info	no known feedback involvement; default feed-forward	default	low
NDUFAB1	I	no_regulatory_info	no known feedback involvement; default feed-forward	default	low
NDUFB3	I	no_regulatory_info	no known feedback involvement; default feed-forward	default	low
NDUFB4	I	no_regulatory_info	no known feedback involvement; default feed-forward	default	low
NDUFB7	I	no_regulatory_info	no known feedback involvement; default feed-forward	default	low
NDUFB8	I	no_regulatory_info	no known feedback involvement; default feed-forward	default	low
NDUFS3	I	no_regulatory_info	no known feedback involvement; default feed-forward	default	low
NEDD1	I	no_regulatory_info	no known feedback involvement; default feed-forward	default	low
NELFA	I	no_regulatory_info	no known feedback involvement; default feed-forward	default	low
NELFB	I	feed_forward_tf	TF with 1 known targets, no detected feedback	TRRUST_topology	medium
NELFE	I	no_regulatory_info	no known feedback involvement; default feed-forward	default	low
NFATC2IP	I	no_regulatory_info	no known feedback involvement; default feed-forward	default	low
NFS1	I	no_regulatory_info	no known feedback involvement; default feed-forward	default	low
NHLRC2	I	no_regulatory_info	no known feedback involvement; default feed-forward	default	low
NHP2	I	no_regulatory_info	no known feedback involvement; default feed-forward	default	low
NIP7	I	no_regulatory_info	no known feedback involvement; default feed-forward	default	low
NLE1	I	no_regulatory_info	no known feedback involvement; default feed-forward	default	low
NOL6	I	no_regulatory_info	no known feedback involvement; default feed-forward	default	low
NOLC1	I	feed_forward_target	regulated by 3 TFs (CREB1, NFKB1, RELA), no feedback role	TRRUST_topology	medium
NOP10	I	no_regulatory_info	no known feedback involvement; default feed-forward	default	low
NOP58	I	no_regulatory_info	no known feedback involvement; default feed-forward	default	low
NPEPPS	I	no_regulatory_info	no known feedback involvement; default feed-forward	default	low
NPLOC4	I	no_regulatory_info	no known feedback involvement; default feed-forward	default	low
NPM3	I	no_regulatory_info	no known feedback involvement; default feed-forward	default	low
NR2C2AP	I	no_regulatory_info	no known feedback involvement; default feed-forward	default	low
NRBP1	I	no_regulatory_info	no known feedback involvement; default feed-forward	default	low
NSA2	I	no_regulatory_info	no known feedback involvement; default feed-forward	default	low
NSL1	I	no_regulatory_info	no known feedback involvement; default feed-forward	default	low
NSMCE1	I	no_regulatory_info	no known feedback involvement; default feed-forward	default	low
NSMCE2	I	no_regulatory_info	no known feedback involvement; default feed-forward	default	low
NSRP1	I	no_regulatory_info	no known feedback involvement; default feed-forward	default	low
NUBP1	I	no_regulatory_info	no known feedback involvement; default feed-forward	default	low
NUDC	I	no_regulatory_info	no known feedback involvement; default feed-forward	default	low
NUDCD3	I	no_regulatory_info	no known feedback involvement; default feed-forward	default	low
NUFIP1	I	no_regulatory_info	no known feedback involvement; default feed-forward	default	low
NUMA1	I	no_regulatory_info	no known feedback involvement; default feed-forward	default	low
NUP107	I	no_regulatory_info	no known feedback involvement; default feed-forward	default	low
NUP133	I	no_regulatory_info	no known feedback involvement; default feed-forward	default	low
NUP35	I	no_regulatory_info	no known feedback involvement; default feed-forward	default	low
NUP85	I	no_regulatory_info	no known feedback involvement; default feed-forward	default	low
NUP98	I	no_regulatory_info	no known feedback involvement; default feed-forward	default	low
NUTF2	I	no_regulatory_info	no known feedback involvement; default feed-forward	default	low
NXF1	I	no_regulatory_info	no known feedback involvement; default feed-forward	default	low
OGFOD1	I	no_regulatory_info	no known feedback involvement; default feed-forward	default	low
OPA1	I	no_regulatory_info	no known feedback involvement; default feed-forward	default	low
ORC1	I	no_regulatory_info	no known feedback involvement; default feed-forward	default	low
ORC3	I	no_regulatory_info	no known feedback involvement; default feed-forward	default	low
ORC5	I	no_regulatory_info	no known feedback involvement; default feed-forward	default	low
ORC6	I	no_regulatory_info	no known feedback involvement; default feed-forward	default	low
OSTC	I	no_regulatory_info	no known feedback involvement; default feed-forward	default	low
OXA1L	I	no_regulatory_info	no known feedback involvement; default feed-forward	default	low
PAF1	I	no_regulatory_info	no known feedback involvement; default feed-forward	default	low
PAFAH1B1	I	no_regulatory_info	no known feedback involvement; default feed-forward	default	low
PARN	I	no_regulatory_info	no known feedback involvement; default feed-forward	default	low
PARS2	I	no_regulatory_info	no known feedback involvement; default feed-forward	default	low
PAXBP1	I	no_regulatory_info	no known feedback involvement; default feed-forward	default	low
PCF11	I	no_regulatory_info	no known feedback involvement; default feed-forward	default	low
PCNA	I	feed_forward_target	regulated by 17 TFs (AHR, ATM, CDX1...), no feedback role	TRRUST_topology	medium
PDAP1	I	no_regulatory_info	no known feedback involvement; default feed-forward	default	low
PDCD2	I	feed_forward_target	regulated by 1 TFs (BCL6), no feedback role	TRRUST_topology	medium
PDCD6	I	no_regulatory_info	no known feedback involvement; default feed-forward	default	low
PDCD7	I	no_regulatory_info	no known feedback involvement; default feed-forward	default	low
PDRG1	I	no_regulatory_info	no known feedback involvement; default feed-forward	default	low
PELP1	I	feed_forward_target	regulated by 3 TFs (DACH1, ESR1, ESR2), no feedback role	TRRUST_topology	medium
PES1	I	no_regulatory_info	no known feedback involvement; default feed-forward	default	low
PET117	I	no_regulatory_info	no known feedback involvement; default feed-forward	default	low
PFDN2	I	no_regulatory_info	no known feedback involvement; default feed-forward	default	low
PFDN5	I	no_regulatory_info	no known feedback involvement; default feed-forward	default	low
PFDN6	I	no_regulatory_info	no known feedback involvement; default feed-forward	default	low
PFN1	I	no_regulatory_info	no known feedback involvement; default feed-forward	default	low
PGAM1	I	no_regulatory_info	no known feedback involvement; default feed-forward	default	low
PGPEP1	I	no_regulatory_info	no known feedback involvement; default feed-forward	default	low
PGS1	I	no_regulatory_info	no known feedback involvement; default feed-forward	default	low
PHAX	I	no_regulatory_info	no known feedback involvement; default feed-forward	default	low
PHF12	V	chromatin_modifier	encodes chromatin/epigenetic modifier	gene_function	medium
PIAS4	I	feed_forward_tf	TF with 2 known targets, no detected feedback	TRRUST_topology	medium
PIGH	I	no_regulatory_info	no known feedback involvement; default feed-forward	default	low
PIK3C3	II	negative_feedback	VPS34 autophagy/mTOR regulatory loop	pathway_annotation	medium
PLRG1	I	feed_forward_target	regulated by 1 TFs (CDC5L), no feedback role	TRRUST_topology	medium
PMPCA	I	no_regulatory_info	no known feedback involvement; default feed-forward	default	low
PNISR	I	no_regulatory_info	no known feedback involvement; default feed-forward	default	low
POLA1	I	no_regulatory_info	no known feedback involvement; default feed-forward	default	low
POLA2	I	no_regulatory_info	no known feedback involvement; default feed-forward	default	low
POLD1	I	feed_forward_target	regulated by 2 TFs (SP1, TP53), no feedback role	TRRUST_topology	medium
POLD3	I	no_regulatory_info	no known feedback involvement; default feed-forward	default	low
POLE	I	no_regulatory_info	no known feedback involvement; default feed-forward	default	low
POLE2	I	feed_forward_target	regulated by 2 TFs (NFIC, SP1), no feedback role	TRRUST_topology	medium
POLR1B	I	no_regulatory_info	no known feedback involvement; default feed-forward	default	low
POLR2A	I	no_regulatory_info	no known feedback involvement; default feed-forward	default	low
POLR2C	I	no_regulatory_info	no known feedback involvement; default feed-forward	default	low
POLR2E	I	no_regulatory_info	no known feedback involvement; default feed-forward	default	low
POLR2F	I	no_regulatory_info	no known feedback involvement; default feed-forward	default	low
POLR2H	I	no_regulatory_info	no known feedback involvement; default feed-forward	default	low
POLR2L	I	no_regulatory_info	no known feedback involvement; default feed-forward	default	low
POLR3H	I	no_regulatory_info	no known feedback involvement; default feed-forward	default	low
POLR3K	I	no_regulatory_info	no known feedback involvement; default feed-forward	default	low
POP4	I	no_regulatory_info	no known feedback involvement; default feed-forward	default	low
POP5	I	no_regulatory_info	no known feedback involvement; default feed-forward	default	low
POP7	I	no_regulatory_info	no known feedback involvement; default feed-forward	default	low
PPA1	I	no_regulatory_info	no known feedback involvement; default feed-forward	default	low
PPA2	I	no_regulatory_info	no known feedback involvement; default feed-forward	default	low
PPARGC1B	I	no_regulatory_info	no known feedback involvement; default feed-forward	default	low
PPIH	I	no_regulatory_info	no known feedback involvement; default feed-forward	default	low
PPIL2	I	no_regulatory_info	no known feedback involvement; default feed-forward	default	low
PPIL4	I	no_regulatory_info	no known feedback involvement; default feed-forward	default	low
PPME1	I	no_regulatory_info	no known feedback involvement; default feed-forward	default	low
PPP1CA	I	no_regulatory_info	no known feedback involvement; default feed-forward	default	low
PPP1R2	I	no_regulatory_info	no known feedback involvement; default feed-forward	default	low
PPP1R8	I	no_regulatory_info	no known feedback involvement; default feed-forward	default	low
PPP4C	I	no_regulatory_info	no known feedback involvement; default feed-forward	default	low
PPP6C	I	no_regulatory_info	no known feedback involvement; default feed-forward	default	low
PRIM2	I	no_regulatory_info	no known feedback involvement; default feed-forward	default	low
PRKRIP1	I	no_regulatory_info	no known feedback involvement; default feed-forward	default	low
PRPF18	I	no_regulatory_info	no known feedback involvement; default feed-forward	default	low
PRPF19	I	no_regulatory_info	no known feedback involvement; default feed-forward	default	low
PRPF3	I	no_regulatory_info	no known feedback involvement; default feed-forward	default	low
PRPF4	I	no_regulatory_info	no known feedback involvement; default feed-forward	default	low
PRPF40A	I	no_regulatory_info	no known feedback involvement; default feed-forward	default	low
PRPF6	I	no_regulatory_info	no known feedback involvement; default feed-forward	default	low
PSMA2	I	no_regulatory_info	no known feedback involvement; default feed-forward	default	low
PSMA3	I	no_regulatory_info	no known feedback involvement; default feed-forward	default	low
PSMB1	I	no_regulatory_info	no known feedback involvement; default feed-forward	default	low
PSMB5	I	feed_forward_target	regulated by 1 TFs (STAT3), no feedback role	TRRUST_topology	medium
PSMB6	I	no_regulatory_info	no known feedback involvement; default feed-forward	default	low
PSMC1	I	no_regulatory_info	no known feedback involvement; default feed-forward	default	low
PSMC4	I	no_regulatory_info	no known feedback involvement; default feed-forward	default	low
PSMC6	I	no_regulatory_info	no known feedback involvement; default feed-forward	default	low
PSMD1	I	no_regulatory_info	no known feedback involvement; default feed-forward	default	low
PSMD11	I	feed_forward_target	regulated by 1 TFs (FOXO4), no feedback role	TRRUST_topology	medium
PSMD12	I	no_regulatory_info	no known feedback involvement; default feed-forward	default	low
PSMD13	I	no_regulatory_info	no known feedback involvement; default feed-forward	default	low
PSMD6	I	feed_forward_target	regulated by 1 TFs (BRCA2), no feedback role	TRRUST_topology	medium
PSMD7	I	no_regulatory_info	no known feedback involvement; default feed-forward	default	low
PSMD9	I	no_regulatory_info	no known feedback involvement; default feed-forward	default	low
PSME1	I	no_regulatory_info	no known feedback involvement; default feed-forward	default	low
PSME2	I	no_regulatory_info	no known feedback involvement; default feed-forward	default	low
PSMG1	I	no_regulatory_info	no known feedback involvement; default feed-forward	default	low
PSTK	I	no_regulatory_info	no known feedback involvement; default feed-forward	default	low
PTMA	I	feed_forward_tf	TF with 4 known targets, no detected feedback	TRRUST_topology	medium
PTPMT1	I	no_regulatory_info	no known feedback involvement; default feed-forward	default	low
PTPN23	I	no_regulatory_info	no known feedback involvement; default feed-forward	default	low
PXN	I	no_regulatory_info	no known feedback involvement; default feed-forward	default	low
QRSL1	I	no_regulatory_info	no known feedback involvement; default feed-forward	default	low
RAB6A	I	no_regulatory_info	no known feedback involvement; default feed-forward	default	low
RAC3	I	no_regulatory_info	no known feedback involvement; default feed-forward	default	low
RACGAP1	I	feed_forward_target	regulated by 2 TFs (CUX1, E2F1), no feedback role	TRRUST_topology	medium
RAD17	I	no_regulatory_info	no known feedback involvement; default feed-forward	default	low
RAD51	III	positive_feedback_loop	positive feedback loop (RAD51 → SP1 → AR → EP300 → RAD51)	TRRUST_motif	high
RAD51C	I	no_regulatory_info	no known feedback involvement; default feed-forward	default	low
RAD51D	I	no_regulatory_info	no known feedback involvement; default feed-forward	default	low
RANGAP1	I	no_regulatory_info	no known feedback involvement; default feed-forward	default	low
RARS2	I	no_regulatory_info	no known feedback involvement; default feed-forward	default	low
RBBP6	I	no_regulatory_info	no known feedback involvement; default feed-forward	default	low
RBBP8	I	feed_forward_target	regulated by 2 TFs (YBX1, ZNF350), no feedback role	TRRUST_topology	medium
RBM10	I	no_regulatory_info	no known feedback involvement; default feed-forward	default	low
RBM14	I	no_regulatory_info	no known feedback involvement; default feed-forward	default	low
RBM17	I	no_regulatory_info	no known feedback involvement; default feed-forward	default	low
RBM25	I	no_regulatory_info	no known feedback involvement; default feed-forward	default	low
RBM28	I	no_regulatory_info	no known feedback involvement; default feed-forward	default	low
RBM4	I	no_regulatory_info	no known feedback involvement; default feed-forward	default	low
RBMX	I	feed_forward_tf	TF with 8 known targets, no detected feedback	TRRUST_topology	medium
RBX1	I	no_regulatory_info	no known feedback involvement; default feed-forward	default	low
RCC1	I	feed_forward_target	regulated by 1 TFs (MYC), no feedback role	TRRUST_topology	medium
RCL1	I	no_regulatory_info	no known feedback involvement; default feed-forward	default	low
REV3L	I	no_regulatory_info	no known feedback involvement; default feed-forward	default	low
REXO2	I	no_regulatory_info	no known feedback involvement; default feed-forward	default	low
RFC1	I	no_regulatory_info	no known feedback involvement; default feed-forward	default	low
RFT1	I	no_regulatory_info	no known feedback involvement; default feed-forward	default	low
RHOQ	I	no_regulatory_info	no known feedback involvement; default feed-forward	default	low
RINT1	I	no_regulatory_info	no known feedback involvement; default feed-forward	default	low
RIOK2	I	no_regulatory_info	no known feedback involvement; default feed-forward	default	low
RMI1	I	no_regulatory_info	no known feedback involvement; default feed-forward	default	low
RNF14	I	feed_forward_tf	TF with 1 known targets, no detected feedback	TRRUST_topology	medium
RNF40	I	no_regulatory_info	no known feedback involvement; default feed-forward	default	low
RNF8	I	feed_forward_target	regulated by 1 TFs (CHD4), no feedback role	TRRUST_topology	medium
RNGTT	I	no_regulatory_info	no known feedback involvement; default feed-forward	default	low
RNMT	I	no_regulatory_info	no known feedback involvement; default feed-forward	default	low
RNPC3	I	no_regulatory_info	no known feedback involvement; default feed-forward	default	low
RNPS1	I	no_regulatory_info	no known feedback involvement; default feed-forward	default	low
ROMO1	I	no_regulatory_info	no known feedback involvement; default feed-forward	default	low
RPA2	I	feed_forward_target	regulated by 1 TFs (E2F1), no feedback role	TRRUST_topology	medium
RPAP2	I	no_regulatory_info	no known feedback involvement; default feed-forward	default	low
RPE	I	no_regulatory_info	no known feedback involvement; default feed-forward	default	low
RPF1	I	no_regulatory_info	no known feedback involvement; default feed-forward	default	low
RPL13	I	no_regulatory_info	no known feedback involvement; default feed-forward	default	low
RPL14	I	no_regulatory_info	no known feedback involvement; default feed-forward	default	low
RPL24	I	no_regulatory_info	no known feedback involvement; default feed-forward	default	low
RPL30	I	no_regulatory_info	no known feedback involvement; default feed-forward	default	low
RPL34	I	no_regulatory_info	no known feedback involvement; default feed-forward	default	low
RPL36A	I	no_regulatory_info	no known feedback involvement; default feed-forward	default	low
RPL36AL	I	no_regulatory_info	no known feedback involvement; default feed-forward	default	low
RPL37	I	no_regulatory_info	no known feedback involvement; default feed-forward	default	low
RPL5	I	no_regulatory_info	no known feedback involvement; default feed-forward	default	low
RPL7	I	no_regulatory_info	no known feedback involvement; default feed-forward	default	low
RPL9	I	no_regulatory_info	no known feedback involvement; default feed-forward	default	low
RPLP0	I	feed_forward_target	regulated by 1 TFs (EZH2), no feedback role	TRRUST_topology	medium
RPLP1	I	no_regulatory_info	no known feedback involvement; default feed-forward	default	low
RPLP2	I	no_regulatory_info	no known feedback involvement; default feed-forward	default	low
RPN2	I	no_regulatory_info	no known feedback involvement; default feed-forward	default	low
RPP14	I	no_regulatory_info	no known feedback involvement; default feed-forward	default	low
RPS12	I	no_regulatory_info	no known feedback involvement; default feed-forward	default	low
RPS15A	I	no_regulatory_info	no known feedback involvement; default feed-forward	default	low
RPS16	I	no_regulatory_info	no known feedback involvement; default feed-forward	default	low
RPS18	I	no_regulatory_info	no known feedback involvement; default feed-forward	default	low
RPS19BP1	I	no_regulatory_info	no known feedback involvement; default feed-forward	default	low
RPS23	I	no_regulatory_info	no known feedback involvement; default feed-forward	default	low
RPS26	I	no_regulatory_info	no known feedback involvement; default feed-forward	default	low
RPS27	I	no_regulatory_info	no known feedback involvement; default feed-forward	default	low
RPS29	I	no_regulatory_info	no known feedback involvement; default feed-forward	default	low
RPS3	I	no_regulatory_info	no known feedback involvement; default feed-forward	default	low
RPS3A	I	feed_forward_target	regulated by 3 TFs (GABPA, GABPB2, SP1), no feedback role	TRRUST_topology	medium
RPS4X	I	no_regulatory_info	no known feedback involvement; default feed-forward	default	low
RPS6	I	no_regulatory_info	no known feedback involvement; default feed-forward	default	low
RPS9	I	no_regulatory_info	no known feedback involvement; default feed-forward	default	low
RRM1	I	feed_forward_target	regulated by 2 TFs (E2F1, TFDP1), no feedback role	TRRUST_topology	medium
RSL1D1	I	no_regulatory_info	no known feedback involvement; default feed-forward	default	low
RTCB	I	no_regulatory_info	no known feedback involvement; default feed-forward	default	low
RTEL1	I	no_regulatory_info	no known feedback involvement; default feed-forward	default	low
RTTN	I	no_regulatory_info	no known feedback involvement; default feed-forward	default	low
RUVBL1	I	feed_forward_tf	TF with 1 known targets, no detected feedback	TRRUST_topology	medium
SAE1	I	no_regulatory_info	no known feedback involvement; default feed-forward	default	low
SAP130	I	no_regulatory_info	no known feedback involvement; default feed-forward	default	low
SARS2	I	no_regulatory_info	no known feedback involvement; default feed-forward	default	low
SASS6	I	no_regulatory_info	no known feedback involvement; default feed-forward	default	low
SCAP	I	no_regulatory_info	no known feedback involvement; default feed-forward	default	low
SCNM1	I	no_regulatory_info	no known feedback involvement; default feed-forward	default	low
SDAD1	I	no_regulatory_info	no known feedback involvement; default feed-forward	default	low
SDHA	I	no_regulatory_info	no known feedback involvement; default feed-forward	default	low
SDHAF2	I	no_regulatory_info	no known feedback involvement; default feed-forward	default	low
SDHC	I	no_regulatory_info	no known feedback involvement; default feed-forward	default	low
SEC61A1	I	no_regulatory_info	no known feedback involvement; default feed-forward	default	low
SEH1L	I	no_regulatory_info	no known feedback involvement; default feed-forward	default	low
SEPHS2	I	no_regulatory_info	no known feedback involvement; default feed-forward	default	low
SERBP1	I	feed_forward_target	regulated by 2 TFs (SOX17, USF1), no feedback role	TRRUST_topology	medium
SF3A2	I	no_regulatory_info	no known feedback involvement; default feed-forward	default	low
SF3B2	I	no_regulatory_info	no known feedback involvement; default feed-forward	default	low
SF3B3	I	no_regulatory_info	no known feedback involvement; default feed-forward	default	low
SFPQ	I	feed_forward_tf	TF with 6 known targets, no detected feedback	TRRUST_topology	medium
SIN3A	I	feed_forward_tf	TF with 2 known targets, no detected feedback	TRRUST_topology	medium
SKA1	I	no_regulatory_info	no known feedback involvement; default feed-forward	default	low
SLC25A3	I	no_regulatory_info	no known feedback involvement; default feed-forward	default	low
SLC39A7	I	no_regulatory_info	no known feedback involvement; default feed-forward	default	low
SLC39A9	I	no_regulatory_info	no known feedback involvement; default feed-forward	default	low
SLU7	I	no_regulatory_info	no known feedback involvement; default feed-forward	default	low
SMAGP	I	no_regulatory_info	no known feedback involvement; default feed-forward	default	low
SMARCB1	V	self_modifying	SWI/SNF chromatin remodeling	literature	high
SMC1A	I	no_regulatory_info	no known feedback involvement; default feed-forward	default	low
SMC3	I	no_regulatory_info	no known feedback involvement; default feed-forward	default	low
SMC4	I	no_regulatory_info	no known feedback involvement; default feed-forward	default	low
SMUG1	I	feed_forward_target	regulated by 1 TFs (NFIC), no feedback role	TRRUST_topology	medium
SNAPC1	I	feed_forward_target	regulated by 2 TFs (POU2F1, SP1), no feedback role	TRRUST_topology	medium
SNAPC2	I	no_regulatory_info	no known feedback involvement; default feed-forward	default	low
SNAPC4	I	no_regulatory_info	no known feedback involvement; default feed-forward	default	low
SNRNP200	I	no_regulatory_info	no known feedback involvement; default feed-forward	default	low
SNRNP25	I	no_regulatory_info	no known feedback involvement; default feed-forward	default	low
SNRNP48	I	no_regulatory_info	no known feedback involvement; default feed-forward	default	low
SNRNP70	I	no_regulatory_info	no known feedback involvement; default feed-forward	default	low
SNRPA1	I	no_regulatory_info	no known feedback involvement; default feed-forward	default	low
SNRPD1	I	no_regulatory_info	no known feedback involvement; default feed-forward	default	low
SNRPD3	I	no_regulatory_info	no known feedback involvement; default feed-forward	default	low
SNRPF	I	no_regulatory_info	no known feedback involvement; default feed-forward	default	low
SNRPG	I	no_regulatory_info	no known feedback involvement; default feed-forward	default	low
SNUPN	I	no_regulatory_info	no known feedback involvement; default feed-forward	default	low
SON	I	no_regulatory_info	no known feedback involvement; default feed-forward	default	low
SP2	I	feed_forward_tf	TF with 9 known targets, no detected feedback	TRRUST_topology	medium
SPATA5	I	no_regulatory_info	no known feedback involvement; default feed-forward	default	low
SPATA5L1	I	no_regulatory_info	no known feedback involvement; default feed-forward	default	low
SPC25	I	no_regulatory_info	no known feedback involvement; default feed-forward	default	low
SPRTN	I	no_regulatory_info	no known feedback involvement; default feed-forward	default	low
SPTSSA	I	no_regulatory_info	no known feedback involvement; default feed-forward	default	low
SRF	I	feed_forward_tf	TF with 25 known targets, no detected feedback	TRRUST_topology	medium
SRFBP1	I	no_regulatory_info	no known feedback involvement; default feed-forward	default	low
SRP14	I	no_regulatory_info	no known feedback involvement; default feed-forward	default	low
SRP19	I	no_regulatory_info	no known feedback involvement; default feed-forward	default	low
SRP9	I	no_regulatory_info	no known feedback involvement; default feed-forward	default	low
SRRT	I	no_regulatory_info	no known feedback involvement; default feed-forward	default	low
SRSF10	I	no_regulatory_info	no known feedback involvement; default feed-forward	default	low
SRSF6	I	no_regulatory_info	no known feedback involvement; default feed-forward	default	low
SSBP1	I	no_regulatory_info	no known feedback involvement; default feed-forward	default	low
SSBP3	I	no_regulatory_info	no known feedback involvement; default feed-forward	default	low
SSRP1	I	no_regulatory_info	no known feedback involvement; default feed-forward	default	low
SSU72	I	no_regulatory_info	no known feedback involvement; default feed-forward	default	low
STARD7	I	feed_forward_target	regulated by 3 TFs (CTNNB1, NR5A1, TCF7L2), no feedback role	TRRUST_topology	medium
STIL	I	no_regulatory_info	no known feedback involvement; default feed-forward	default	low
STRAP	I	no_regulatory_info	no known feedback involvement; default feed-forward	default	low
SUGP1	I	feed_forward_tf	TF with 1 known targets, no detected feedback	TRRUST_topology	medium
SUMO2	I	feed_forward_target	regulated by 1 TFs (MTA1), no feedback role	TRRUST_topology	medium
SUPT5H	I	no_regulatory_info	no known feedback involvement; default feed-forward	default	low
SUPT6H	I	no_regulatory_info	no known feedback involvement; default feed-forward	default	low
SUPV3L1	I	no_regulatory_info	no known feedback involvement; default feed-forward	default	low
SURF6	I	no_regulatory_info	no known feedback involvement; default feed-forward	default	low
SYF2	I	no_regulatory_info	no known feedback involvement; default feed-forward	default	low
SYS1	I	no_regulatory_info	no known feedback involvement; default feed-forward	default	low
TADA3	I	no_regulatory_info	no known feedback involvement; default feed-forward	default	low
TAF12	I	feed_forward_target	regulated by 2 TFs (ATF7, ETS1), no feedback role	TRRUST_topology	medium
TAF1D	I	no_regulatory_info	no known feedback involvement; default feed-forward	default	low
TAF2	I	no_regulatory_info	no known feedback involvement; default feed-forward	default	low
TAF7	I	feed_forward_target	regulated by 2 TFs (SP1, TFAP2A), no feedback role	TRRUST_topology	medium
TBCA	I	no_regulatory_info	no known feedback involvement; default feed-forward	default	low
TBCC	I	no_regulatory_info	no known feedback involvement; default feed-forward	default	low
TCERG1	I	feed_forward_target	regulated by 1 TFs (SF1), no feedback role	TRRUST_topology	medium
TERF1	I	feed_forward_target	regulated by 1 TFs (ATM), no feedback role	TRRUST_topology	medium
TERF2	I	feed_forward_target	regulated by 1 TFs (SP1), no feedback role	TRRUST_topology	medium
TEX10	I	no_regulatory_info	no known feedback involvement; default feed-forward	default	low
TFB2M	I	no_regulatory_info	no known feedback involvement; default feed-forward	default	low
TFDP1	IV	feedback_loop_oscillatory	cycle with ≥2 repressions (TFDP1 → TP53 → CTNNB1 → RB1 → TFDP1)	TRRUST_motif	high
THAP1	I	no_regulatory_info	no known feedback involvement; default feed-forward	default	low
THOC6	I	no_regulatory_info	no known feedback involvement; default feed-forward	default	low
THOC7	I	no_regulatory_info	no known feedback involvement; default feed-forward	default	low
TIMM13	I	no_regulatory_info	no known feedback involvement; default feed-forward	default	low
TIMM22	I	no_regulatory_info	no known feedback involvement; default feed-forward	default	low
TIMM23B	I	no_regulatory_info	no known feedback involvement; default feed-forward	default	low
TINF2	I	feed_forward_target	regulated by 1 TFs (SP1), no feedback role	TRRUST_topology	medium
TIPIN	I	no_regulatory_info	no known feedback involvement; default feed-forward	default	low
TLCD1	I	no_regulatory_info	no known feedback involvement; default feed-forward	default	low
TMEM258	I	no_regulatory_info	no known feedback involvement; default feed-forward	default	low
TMSB10	I	no_regulatory_info	no known feedback involvement; default feed-forward	default	low
TOMM20	I	no_regulatory_info	no known feedback involvement; default feed-forward	default	low
TOMM22	I	no_regulatory_info	no known feedback involvement; default feed-forward	default	low
TOP3A	I	feed_forward_target	regulated by 3 TFs (USF1, USF2, YY1), no feedback role	TRRUST_topology	medium
TP53RK	I	no_regulatory_info	no known feedback involvement; default feed-forward	default	low
TPR	I	no_regulatory_info	no known feedback involvement; default feed-forward	default	low
TRA2B	I	no_regulatory_info	no known feedback involvement; default feed-forward	default	low
TRAPPC3	I	no_regulatory_info	no known feedback involvement; default feed-forward	default	low
TRAPPC8	I	no_regulatory_info	no known feedback involvement; default feed-forward	default	low
TRIAP1	I	no_regulatory_info	no known feedback involvement; default feed-forward	default	low
TRMT10C	I	no_regulatory_info	no known feedback involvement; default feed-forward	default	low
TRMT5	I	no_regulatory_info	no known feedback involvement; default feed-forward	default	low
TRPM7	I	no_regulatory_info	no known feedback involvement; default feed-forward	default	low
TRRAP	I	feed_forward_tf	TF with 2 known targets, no detected feedback	TRRUST_topology	medium
TSEN34	I	no_regulatory_info	no known feedback involvement; default feed-forward	default	low
TSFM	I	no_regulatory_info	no known feedback involvement; default feed-forward	default	low
TSR2	I	no_regulatory_info	no known feedback involvement; default feed-forward	default	low
TTC1	I	no_regulatory_info	no known feedback involvement; default feed-forward	default	low
TTC27	I	no_regulatory_info	no known feedback involvement; default feed-forward	default	low
TTC4	I	no_regulatory_info	no known feedback involvement; default feed-forward	default	low
TUBD1	I	no_regulatory_info	no known feedback involvement; default feed-forward	default	low
TUBGCP6	I	no_regulatory_info	no known feedback involvement; default feed-forward	default	low
TUT1	I	no_regulatory_info	no known feedback involvement; default feed-forward	default	low
TXN	I	feed_forward_target	regulated by 3 TFs (HSF2, JUN, PPARD), no feedback role	TRRUST_topology	medium
TXNL4B	I	no_regulatory_info	no known feedback involvement; default feed-forward	default	low
U2SURP	I	no_regulatory_info	no known feedback involvement; default feed-forward	default	low
UBA2	I	no_regulatory_info	no known feedback involvement; default feed-forward	default	low
UBA5	I	no_regulatory_info	no known feedback involvement; default feed-forward	default	low
UBA52	I	no_regulatory_info	no known feedback involvement; default feed-forward	default	low
UBAP1	I	no_regulatory_info	no known feedback involvement; default feed-forward	default	low
UBE2D3	I	feed_forward_target	regulated by 1 TFs (SNAI2), no feedback role	TRRUST_topology	medium
UBE2H	I	no_regulatory_info	no known feedback involvement; default feed-forward	default	low
UBE2M	I	no_regulatory_info	no known feedback involvement; default feed-forward	default	low
UBE2N	I	no_regulatory_info	no known feedback involvement; default feed-forward	default	low
UBE2Z	I	no_regulatory_info	no known feedback involvement; default feed-forward	default	low
UBQLN4	I	no_regulatory_info	no known feedback involvement; default feed-forward	default	low
UFM1	I	no_regulatory_info	no known feedback involvement; default feed-forward	default	low
UNC45A	I	no_regulatory_info	no known feedback involvement; default feed-forward	default	low
UNC50	I	no_regulatory_info	no known feedback involvement; default feed-forward	default	low
UQCC2	I	no_regulatory_info	no known feedback involvement; default feed-forward	default	low
UQCRB	I	no_regulatory_info	no known feedback involvement; default feed-forward	default	low
UQCRC1	I	no_regulatory_info	no known feedback involvement; default feed-forward	default	low
URB2	I	no_regulatory_info	no known feedback involvement; default feed-forward	default	low
URI1	I	feed_forward_tf	TF with 1 known targets, no detected feedback	TRRUST_topology	medium
UROD	I	no_regulatory_info	no known feedback involvement; default feed-forward	default	low
USP10	I	no_regulatory_info	no known feedback involvement; default feed-forward	default	low
USP19	I	no_regulatory_info	no known feedback involvement; default feed-forward	default	low
USP37	I	no_regulatory_info	no known feedback involvement; default feed-forward	default	low
USP39	I	no_regulatory_info	no known feedback involvement; default feed-forward	default	low
USP5	I	no_regulatory_info	no known feedback involvement; default feed-forward	default	low
USP7	I	feed_forward_target	regulated by 4 TFs (ATF1, NPM1, SP1...), no feedback role	TRRUST_topology	medium
USP9X	I	no_regulatory_info	no known feedback involvement; default feed-forward	default	low
USPL1	I	no_regulatory_info	no known feedback involvement; default feed-forward	default	low
UTP15	I	no_regulatory_info	no known feedback involvement; default feed-forward	default	low
UTP18	I	no_regulatory_info	no known feedback involvement; default feed-forward	default	low
UTP20	I	no_regulatory_info	no known feedback involvement; default feed-forward	default	low
UXS1	I	no_regulatory_info	no known feedback involvement; default feed-forward	default	low
VARS2	I	no_regulatory_info	no known feedback involvement; default feed-forward	default	low
VHL	III	positive_feedback_loop	positive feedback loop (VHL → AR → KLF5 → HIF1A → VHL)	TRRUST_motif	high
VMP1	I	feed_forward_target	regulated by 1 TFs (GLI3), no feedback role	TRRUST_topology	medium
VPS29	I	no_regulatory_info	no known feedback involvement; default feed-forward	default	low
VPS33A	I	no_regulatory_info	no known feedback involvement; default feed-forward	default	low
VPS41	I	no_regulatory_info	no known feedback involvement; default feed-forward	default	low
VPS54	I	no_regulatory_info	no known feedback involvement; default feed-forward	default	low
VPS72	I	no_regulatory_info	no known feedback involvement; default feed-forward	default	low
WAC	I	no_regulatory_info	no known feedback involvement; default feed-forward	default	low
WBP1L	I	no_regulatory_info	no known feedback involvement; default feed-forward	default	low
WDHD1	I	no_regulatory_info	no known feedback involvement; default feed-forward	default	low
WDR1	I	no_regulatory_info	no known feedback involvement; default feed-forward	default	low
WDR12	I	no_regulatory_info	no known feedback involvement; default feed-forward	default	low
WDR18	I	no_regulatory_info	no known feedback involvement; default feed-forward	default	low
WDR26	I	no_regulatory_info	no known feedback involvement; default feed-forward	default	low
WDR3	I	no_regulatory_info	no known feedback involvement; default feed-forward	default	low
WDR33	I	no_regulatory_info	no known feedback involvement; default feed-forward	default	low
WDR36	I	no_regulatory_info	no known feedback involvement; default feed-forward	default	low
WDR4	I	no_regulatory_info	no known feedback involvement; default feed-forward	default	low
WDR5	I	feed_forward_tf	TF with 1 known targets, no detected feedback	TRRUST_topology	medium
WDR82	V	chromatin_modifier	encodes chromatin/epigenetic modifier	gene_function	medium
WDTC1	I	no_regulatory_info	no known feedback involvement; default feed-forward	default	low
XPO5	I	no_regulatory_info	no known feedback involvement; default feed-forward	default	low
XRCC1	I	feed_forward_target	regulated by 2 TFs (E2F1, PLAG1), no feedback role	TRRUST_topology	medium
XRCC2	I	no_regulatory_info	no known feedback involvement; default feed-forward	default	low
XRCC5	I	feed_forward_tf	TF with 3 known targets, no detected feedback	TRRUST_topology	medium
XRN2	I	no_regulatory_info	no known feedback involvement; default feed-forward	default	low
YARS2	I	no_regulatory_info	no known feedback involvement; default feed-forward	default	low
YEATS2	V	chromatin_modifier	encodes chromatin/epigenetic modifier	gene_function	medium
YEATS4	I	feed_forward_tf	TF with 1 known targets, no detected feedback	TRRUST_topology	medium
YKT6	I	no_regulatory_info	no known feedback involvement; default feed-forward	default	low
YPEL5	I	no_regulatory_info	no known feedback involvement; default feed-forward	default	low
ZBTB11	I	no_regulatory_info	no known feedback involvement; default feed-forward	default	low
ZFC3H1	I	no_regulatory_info	no known feedback involvement; default feed-forward	default	low
ZMAT2	I	no_regulatory_info	no known feedback involvement; default feed-forward	default	low
ZMAT5	I	no_regulatory_info	no known feedback involvement; default feed-forward	default	low
ZNF335	I	feed_forward_tf	TF with 1 known targets, no detected feedback	TRRUST_topology	medium
ZNF468	I	no_regulatory_info	no known feedback involvement; default feed-forward	default	low
ZNF574	I	no_regulatory_info	no known feedback involvement; default feed-forward	default	low
ZNHIT2	I	no_regulatory_info	no known feedback involvement; default feed-forward	default	low
ZNHIT3	I	no_regulatory_info	no known feedback involvement; default feed-forward	default	low
ZRSR2	I	no_regulatory_info	no known feedback involvement; default feed-forward	default	low
ZW10	I	no_regulatory_info	no known feedback involvement; default feed-forward	default	low
ARID3A	I	feed_forward	No feedback detected in TRRUST	TRRUST/default	medium
ATF5	I	feed_forward	No feedback detected in TRRUST	TRRUST/default	medium
BCLAF1	I	feed_forward	No feedback detected in TRRUST	TRRUST/default	medium
BRF1	I	feed_forward	No feedback detected in TRRUST	TRRUST/default	medium
BRF2	I	feed_forward	No feedback detected in TRRUST	TRRUST/default	medium
CEBPZ	I	feed_forward	No feedback detected in TRRUST	TRRUST/default	medium
CTCF	II	neg_feedback	Insulator protein with autoregulatory feedback	literature	high
DMRTA2	I	feed_forward	No feedback detected in TRRUST	TRRUST/default	medium
E2F6	II	neg_feedback	E2F family repressor; Rb-E2F feedback	literature	high
E4F1	I	feed_forward	No feedback detected in TRRUST	TRRUST/default	medium
ENO1	I	feed_forward	No feedback detected in TRRUST	TRRUST/default	medium
EWSR1	I	feed_forward	No feedback detected in TRRUST	TRRUST/default	medium
FOXD4	I	feed_forward	No feedback detected in TRRUST	TRRUST/default	medium
HINFP	I	feed_forward	No feedback detected in TRRUST	TRRUST/default	medium
HSF1	III	pos_feedback	Heat shock factor; stress-activated bistable switch	literature	high
KLF7	I	feed_forward	No feedback detected in TRRUST	TRRUST/default	medium
MBTPS2	I	feed_forward	No feedback detected in TRRUST	TRRUST/default	medium
NANOG	III	pos_feedback	Pluripotency TF; positive autoregulatory loop	literature	high
NFYB	I	feed_forward	No feedback detected in TRRUST	TRRUST/default	medium
NFYC	I	feed_forward	No feedback detected in TRRUST	TRRUST/default	medium
NRF1	I	feed_forward	No feedback detected in TRRUST	TRRUST/default	medium
OTX1	I	feed_forward	No feedback detected in TRRUST	TRRUST/default	medium
POLR3A	I	feed_forward	No feedback detected in TRRUST	TRRUST/default	medium
POU5F1B	I	feed_forward	No feedback detected in TRRUST	TRRUST/default	medium
RAD21	II	neg_feedback	Cohesin subunit; CTCF-cohesin feedback loop	literature	high
SETDB1	V	epigenetic	H3K9 methyltransferase; self-reinforcing silencing	literature	high
STAT5A	III	pos_feedback	JAK-STAT positive feedback; cytokine signaling bistability	literature	high
TAF1	I	feed_forward	No feedback detected in TRRUST	TRRUST/default	medium
TBP	I	feed_forward	No feedback detected in TRRUST	TRRUST/default	medium
TEAD3	I	feed_forward	No feedback detected in TRRUST	TRRUST/default	medium
THAP11	I	feed_forward	No feedback detected in TRRUST	TRRUST/default	medium
USF2	II	neg_feedback	USF family TF with known autoregulation	literature	high
YBX1	I	feed_forward	No feedback detected in TRRUST	TRRUST/default	medium
YY1	II	neg_feedback	Yin-Yang 1; context-dependent activator/repressor with autoregulation	literature	high
ZBTB17	I	feed_forward	No feedback detected in TRRUST	TRRUST/default	medium
ZNF24	I	feed_forward	No feedback detected in TRRUST	TRRUST/default	medium
ZNF317	I	feed_forward	No feedback detected in TRRUST	TRRUST/default	medium
BCL2L1	III	positive_feedback_bistable	Bcl-xL; Bcl-2/Bax ratio creates bistable survival/death decision	literature_bistable_circuit	high
CHEK1	III	positive_feedback_bistable	Chk1; ATR-Chk1 positive feedback in replication stress response	literature_bistable_circuit	high
MAX	III	positive_feedback_bistable	MYC-MAX dimerization; MYC amplification creates bistable proliferative state	literature_bistable_circuit	high
BUB1	III	positive_feedback_bistable	BUB1 kinase; spindle assembly checkpoint creates bistable wait/go signal	literature_bistable_circuit	high
BUB1B	III	positive_feedback_bistable	BubR1; mitotic checkpoint complex creates bistable mitotic exit decision	literature_bistable_circuit	high
MAD2L1	III	positive_feedback_bistable	Mad2; open/closed conformational switch creates bistable SAC signal	literature_bistable_circuit	high
CDC20	III	positive_feedback_bistable	APC/C activator; SAC-CDC20-APC creates bistable mitotic exit trigger	literature_bistable_circuit	high
CDC6	III	positive_feedback_bistable	Licensing factor; E2F target that promotes S-phase, reinforcing E2F activation	literature_bistable_circuit	high
GRB2	III	positive_feedback_bistable	RAS-GEF adaptor; part of ERK-SOS positive feedback in MAPK cascade	literature_bistable_circuit	high
