gene	class	in_trrust	n_regulators	n_targets	is_in_feedback	n_feedback_regulators	is_regulated_by_feedback	feedback_exposure	max_scc_regulator	mean_scc_regulator	dist_to_feedback	scc_size	mean_accuracy
DNAJC8	I	False	0	0	False	0	False	0.0	0	0.0	-1	0	0.815993
URI1	I	True	0	1	False	0	False	0.0	0	0.0	1	1	0.796843
PSMB6	I	False	0	0	False	0	False	0.0	0	0.0	-1	0	0.543907
SERBP1	I	True	2	0	False	0	False	0.0	1	1.0	-1	1	0.933421
N6AMT1	I	False	0	0	False	0	False	0.0	0	0.0	-1	0	0.983271
TIMM23B	I	False	0	0	False	0	False	0.0	0	0.0	-1	0	0.460607
STARD7	I	True	3	0	False	3	True	1.0	288	288.0	1	1	0.903957
HSD17B12	I	False	0	0	False	0	False	0.0	0	0.0	-1	0	0.635936
GTF3A	I	True	0	5	False	0	False	0.0	0	0.0	1	1	0.882
DSN1	I	False	0	0	False	0	False	0.0	0	0.0	-1	0	0.574379
SSBP3	I	False	0	0	False	0	False	0.0	0	0.0	-1	0	0.879407
TRMT10C	I	False	0	0	False	0	False	0.0	0	0.0	-1	0	0.856436
PSMD1	I	False	0	0	False	0	False	0.0	0	0.0	-1	0	0.696621
SPC25	I	False	0	0	False	0	False	0.0	0	0.0	-1	0	0.462164
SYF2	I	False	0	0	False	0	False	0.0	0	0.0	-1	0	0.799943
HUWE1	I	False	0	0	False	0	False	0.0	0	0.0	-1	0	0.843071
TXNL4B	I	False	0	0	False	0	False	0.0	0	0.0	-1	0	0.943157
HOXC10	I	True	0	1	False	0	False	0.0	0	0.0	-1	1	0.973693
PGAM1	I	False	0	0	False	0	False	0.0	0	0.0	-1	0	0.816979
RHOQ	I	False	0	0	False	0	False	0.0	0	0.0	-1	0	0.95165
GEMIN6	I	False	0	0	False	0	False	0.0	0	0.0	-1	0	0.957957
SNRPA1	I	False	0	0	False	0	False	0.0	0	0.0	-1	0	0.591729
NOL6	I	False	0	0	False	0	False	0.0	0	0.0	-1	0	0.589714
NLE1	I	False	0	0	False	0	False	0.0	0	0.0	-1	0	0.5079
PDCD2	I	True	1	0	False	1	True	1.0	288	288.0	1	1	0.848571
RPS4X	I	False	0	0	False	0	False	0.0	0	0.0	-1	0	0.367086
BNIP1	I	False	0	0	False	0	False	0.0	0	0.0	-1	0	0.783136
MRPL2	I	False	0	0	False	0	False	0.0	0	0.0	-1	0	0.710243
POP5	I	False	0	0	False	0	False	0.0	0	0.0	-1	0	0.7362
DDX20	I	False	0	0	False	0	False	0.0	0	0.0	-1	0	0.778464
SRRT	I	False	0	0	False	0	False	0.0	0	0.0	-1	0	0.72835
TRMT5	I	False	0	0	False	0	False	0.0	0	0.0	-1	0	0.83215
ISCA2	I	False	0	0	False	0	False	0.0	0	0.0	-1	0	0.805207
KDM2A	I	True	2	3	True	2	True	1.0	288	288.0	0	288	0.950943
CEP85	I	False	0	0	False	0	False	0.0	0	0.0	-1	0	0.879571
CENPT	I	False	0	0	False	0	False	0.0	0	0.0	-1	0	0.880836
THOC7	I	False	0	0	False	0	False	0.0	0	0.0	-1	0	0.7277
BDP1	I	True	0	3	False	0	False	0.0	0	0.0	1	1	0.652043
UQCRB	I	False	0	0	False	0	False	0.0	0	0.0	-1	0	0.846993
EXOC3	I	False	0	0	False	0	False	0.0	0	0.0	-1	0	0.864986
NPEPPS	I	False	0	0	False	0	False	0.0	0	0.0	-1	0	0.944593
C9orf78	I	False	0	0	False	0	False	0.0	0	0.0	-1	0	0.941679
TOMM22	I	False	0	0	False	0	False	0.0	0	0.0	-1	0	0.760914
POLR2L	I	False	0	0	False	0	False	0.0	0	0.0	-1	0	0.740421
SCAP	I	False	0	0	False	0	False	0.0	0	0.0	-1	0	0.944786
PCNA	I	True	17	0	False	13	True	0.7647	288	220.47	1	1	0.5548
UBE2H	I	False	0	0	False	0	False	0.0	0	0.0	-1	0	0.898286
KIF4A	I	False	0	0	False	0	False	0.0	0	0.0	-1	0	0.974329
RNF14	I	True	0	1	False	0	False	0.0	0	0.0	-1	1	0.919057
CHCHD4	I	False	0	0	False	0	False	0.0	0	0.0	-1	0	0.808629
COPB1	I	False	0	0	False	0	False	0.0	0	0.0	-1	0	0.624929
EIF2B4	I	False	0	0	False	0	False	0.0	0	0.0	-1	0	0.428786
CPSF4	I	False	0	0	False	0	False	0.0	0	0.0	-1	0	0.807007
NPLOC4	I	False	0	0	False	0	False	0.0	0	0.0	-1	0	0.7631
SRFBP1	I	False	0	0	False	0	False	0.0	0	0.0	-1	0	0.783807
AURKAIP1	I	False	0	0	False	0	False	0.0	0	0.0	-1	0	0.911329
ROMO1	I	False	0	0	False	0	False	0.0	0	0.0	-1	0	0.690321
MRPL39	I	False	0	0	False	0	False	0.0	0	0.0	-1	0	0.735364
MED7	I	False	0	0	False	0	False	0.0	0	0.0	-1	0	0.342243
KIF23	I	False	0	0	False	0	False	0.0	0	0.0	-1	0	0.844507
PPIL2	I	False	0	0	False	0	False	0.0	0	0.0	-1	0	0.942107
MVK	I	False	0	0	False	0	False	0.0	0	0.0	-1	0	0.932643
TMSB10	I	False	0	0	False	0	False	0.0	0	0.0	-1	0	0.922364
ABT1	I	False	0	0	False	0	False	0.0	0	0.0	-1	0	0.759514
RNF40	I	False	0	0	False	0	False	0.0	0	0.0	-1	0	0.792857
CNOT2	I	False	0	0	False	0	False	0.0	0	0.0	-1	0	0.769443
RTCB	I	False	0	0	False	0	False	0.0	0	0.0	-1	0	0.84185
BPTF	I	True	0	1	False	0	False	0.0	0	0.0	-1	1	0.895629
TCERG1	I	True	1	0	False	1	True	1.0	288	288.0	1	1	0.832714
UBE2D3	I	True	1	0	False	1	True	1.0	288	288.0	1	1	0.935457
RPS12	I	False	0	0	False	0	False	0.0	0	0.0	-1	0	0.424221
RFT1	I	False	0	0	False	0	False	0.0	0	0.0	-1	0	0.867679
CNOT1	I	False	0	0	False	0	False	0.0	0	0.0	-1	0	0.647814
BCAS2	I	True	1	0	False	0	False	0.0	1	1.0	-1	1	0.596021
NHLRC2	I	False	0	0	False	0	False	0.0	0	0.0	-1	0	0.945786
EXOSC6	I	False	0	0	False	0	False	0.0	0	0.0	-1	0	0.719514
CIAPIN1	I	False	0	0	False	0	False	0.0	0	0.0	-1	0	0.728407
NRBP1	I	False	0	0	False	0	False	0.0	0	0.0	-1	0	0.818943
GOSR2	I	False	0	0	False	0	False	0.0	0	0.0	-1	0	0.918207
PSMD12	I	False	0	0	False	0	False	0.0	0	0.0	-1	0	0.480343
BOP1	I	False	0	0	False	0	False	0.0	0	0.0	-1	0	0.720571
CNIH4	I	False	0	0	False	0	False	0.0	0	0.0	-1	0	0.854564
UBQLN4	I	False	0	0	False	0	False	0.0	0	0.0	-1	0	0.821286
POLR1B	I	False	0	0	False	0	False	0.0	0	0.0	-1	0	0.664921
SEH1L	I	False	0	0	False	0	False	0.0	0	0.0	-1	0	0.819714
RPLP1	I	False	0	0	False	0	False	0.0	0	0.0	-1	0	0.695414
SARS2	I	False	0	0	False	0	False	0.0	0	0.0	-1	0	0.83875
PSMC1	I	False	0	0	False	0	False	0.0	0	0.0	-1	0	0.40805
TERF1	I	True	1	0	False	1	True	1.0	288	288.0	1	1	0.980221
RPA2	I	True	1	0	False	1	True	1.0	288	288.0	1	1	0.550914
RPS29	I	False	0	0	False	0	False	0.0	0	0.0	-1	0	0.374207
NAA25	I	False	0	0	False	0	False	0.0	0	0.0	-1	0	0.780214
NUDC	I	False	0	0	False	0	False	0.0	0	0.0	-1	0	0.821986
PRKRIP1	I	False	0	0	False	0	False	0.0	0	0.0	-1	0	0.956157
NUP107	I	False	0	0	False	0	False	0.0	0	0.0	-1	0	0.551429
RPS3A	I	True	3	0	False	1	True	0.3333	288	96.67	1	1	0.399529
MED10	I	False	0	0	False	0	False	0.0	0	0.0	-1	0	0.408021
GATA1	III	True	9	57	True	9	True	1.0	288	288.0	0	288	0.698886
DBF4	I	True	3	0	False	3	True	1.0	288	288.0	1	1	0.908093
RINT1	I	False	0	0	False	0	False	0.0	0	0.0	-1	0	0.819886
FARSA	I	False	0	0	False	0	False	0.0	0	0.0	-1	0	0.594386
RNMT	I	False	0	0	False	0	False	0.0	0	0.0	-1	0	0.880171
COPS6	I	False	0	0	False	0	False	0.0	0	0.0	-1	0	0.744671
PSMC6	I	False	0	0	False	0	False	0.0	0	0.0	-1	0	0.460586
PSMD6	I	True	1	0	False	1	True	1.0	288	288.0	1	1	0.5121
COQ2	I	False	0	0	False	0	False	0.0	0	0.0	-1	0	0.935993
SEC61A1	I	False	0	0	False	0	False	0.0	0	0.0	-1	0	0.61925
KPNB1	I	True	2	0	False	2	True	1.0	288	288.0	1	1	0.667193
CPSF1	I	False	0	0	False	0	False	0.0	0	0.0	-1	0	0.860671
LRR1	I	False	0	0	False	0	False	0.0	0	0.0	-1	0	0.890457
RCC1	I	True	1	0	False	1	True	1.0	288	288.0	1	1	0.8359
VPS72	I	False	0	0	False	0	False	0.0	0	0.0	-1	0	0.912914
RBM17	I	False	0	0	False	0	False	0.0	0	0.0	-1	0	0.87845
MRPL38	I	False	0	0	False	0	False	0.0	0	0.0	-1	0	0.748643
MRPS27	I	False	0	0	False	0	False	0.0	0	0.0	-1	0	0.773029
YARS2	I	False	0	0	False	0	False	0.0	0	0.0	-1	0	0.801786
NUBP1	I	False	0	0	False	0	False	0.0	0	0.0	-1	0	0.764307
MFAP1	I	False	0	0	False	0	False	0.0	0	0.0	-1	0	0.521679
TBCC	I	False	0	0	False	0	False	0.0	0	0.0	-1	0	0.954507
NUTF2	I	False	0	0	False	0	False	0.0	0	0.0	-1	0	0.752936
XRCC2	I	False	0	0	False	0	False	0.0	0	0.0	-1	0	0.860229
CLK2	I	False	0	0	False	0	False	0.0	0	0.0	-1	0	0.955029
ATL2	I	False	0	0	False	0	False	0.0	0	0.0	-1	0	0.929221
GINS4	I	False	0	0	False	0	False	0.0	0	0.0	-1	0	0.627771
WDR36	I	False	0	0	False	0	False	0.0	0	0.0	-1	0	0.602786
PFDN2	I	False	0	0	False	0	False	0.0	0	0.0	-1	0	0.768393
RBM14	I	False	0	0	False	0	False	0.0	0	0.0	-1	0	0.81915
RACGAP1	I	True	2	0	False	1	True	0.5	288	144.5	1	1	0.715171
RPL13	I	False	0	0	False	0	False	0.0	0	0.0	-1	0	0.600336
SNRPF	I	False	0	0	False	0	False	0.0	0	0.0	-1	0	0.474414
MYC	III	True	74	100	True	58	True	0.7838	288	225.95	0	288	0.816821
GTF2F2	I	False	0	0	False	0	False	0.0	0	0.0	-1	0	0.775743
ZW10	I	False	0	0	False	0	False	0.0	0	0.0	-1	0	0.829214
SMAGP	I	False	0	0	False	0	False	0.0	0	0.0	-1	0	0.922279
NDUFB4	I	False	0	0	False	0	False	0.0	0	0.0	-1	0	0.824129
UNC45A	I	False	0	0	False	0	False	0.0	0	0.0	-1	0	0.845043
GMPS	I	True	2	0	False	1	True	0.5	288	144.5	1	1	0.830257
CHMP3	I	False	0	0	False	0	False	0.0	0	0.0	-1	0	0.688743
RNPS1	I	False	0	0	False	0	False	0.0	0	0.0	-1	0	0.781293
PAFAH1B1	I	False	0	0	False	0	False	0.0	0	0.0	-1	0	0.799707
USP5	I	False	0	0	False	0	False	0.0	0	0.0	-1	0	0.868643
NAE1	I	False	0	0	False	0	False	0.0	0	0.0	-1	0	0.893043
UBA5	I	False	0	0	False	0	False	0.0	0	0.0	-1	0	0.881786
ARIH1	I	False	0	0	False	0	False	0.0	0	0.0	-1	0	0.873236
OPA1	I	False	0	0	False	0	False	0.0	0	0.0	-1	0	0.785764
RPL14	I	False	0	0	False	0	False	0.0	0	0.0	-1	0	0.3328
BRCA1	II	True	36	57	True	27	True	0.75	288	216.25	0	288	0.855086
POLR3K	I	False	0	0	False	0	False	0.0	0	0.0	-1	0	0.83395
PCF11	I	False	0	0	False	0	False	0.0	0	0.0	-1	0	0.693193
TAF12	I	True	2	0	False	1	True	0.5	288	144.5	1	1	0.697414
AHCY	I	False	0	0	False	0	False	0.0	0	0.0	-1	0	0.942657
NEDD1	I	False	0	0	False	0	False	0.0	0	0.0	-1	0	0.799557
PTPMT1	I	False	0	0	False	0	False	0.0	0	0.0	-1	0	0.915543
VHL	III	True	1	20	True	1	True	1.0	288	288.0	0	288	0.9209
NDUFB7	I	False	0	0	False	0	False	0.0	0	0.0	-1	0	0.866521
MRPL14	I	False	0	0	False	0	False	0.0	0	0.0	-1	0	0.784636
POLR2F	I	False	0	0	False	0	False	0.0	0	0.0	-1	0	0.469257
PPP6C	I	False	0	0	False	0	False	0.0	0	0.0	-1	0	0.933671
SMC4	I	False	0	0	False	0	False	0.0	0	0.0	-1	0	0.695521
DDX41	I	False	0	0	False	0	False	0.0	0	0.0	-1	0	0.650943
CHMP2A	I	False	0	0	False	0	False	0.0	0	0.0	-1	0	0.696064
PGS1	I	False	0	0	False	0	False	0.0	0	0.0	-1	0	0.893307
IPO13	I	True	1	0	False	1	True	1.0	288	288.0	1	1	0.868721
PPIH	I	False	0	0	False	0	False	0.0	0	0.0	-1	0	0.774614
CHERP	I	False	0	0	False	0	False	0.0	0	0.0	-1	0	0.840236
DHX16	I	False	0	0	False	0	False	0.0	0	0.0	-1	0	0.620214
NXF1	I	False	0	0	False	0	False	0.0	0	0.0	-1	0	0.914179
PDCD7	I	False	0	0	False	0	False	0.0	0	0.0	-1	0	0.824971
NAGLU	I	False	0	0	False	0	False	0.0	0	0.0	-1	0	0.909307
GIT2	I	False	0	0	False	0	False	0.0	0	0.0	-1	0	0.742879
HMGN2	I	False	0	0	False	0	False	0.0	0	0.0	-1	0	0.924779
INCENP	I	False	0	0	False	0	False	0.0	0	0.0	-1	0	0.839064
POLR2A	I	False	0	0	False	0	False	0.0	0	0.0	-1	0	0.52935
CNOT3	I	False	0	0	False	0	False	0.0	0	0.0	-1	0	0.723721
TRPM7	I	False	0	0	False	0	False	0.0	0	0.0	-1	0	0.741936
REXO2	I	False	0	0	False	0	False	0.0	0	0.0	-1	0	0.918557
ATF4	II	True	3	35	True	3	True	1.0	288	288.0	0	288	0.880843
VPS54	I	False	0	0	False	0	False	0.0	0	0.0	-1	0	0.687993
UROD	I	False	0	0	False	0	False	0.0	0	0.0	-1	0	0.932257
NBAS	I	False	0	0	False	0	False	0.0	0	0.0	-1	0	0.825514
ATRIP	I	False	0	0	False	0	False	0.0	0	0.0	-1	0	0.795743
RPS23	I	False	0	0	False	0	False	0.0	0	0.0	-1	0	0.422921
GINS3	I	True	1	0	False	1	True	1.0	288	288.0	1	1	0.626864
HCFC1	II	True	2	3	True	2	True	1.0	288	288.0	0	288	0.839593
SLC25A3	I	False	0	0	False	0	False	0.0	0	0.0	-1	0	0.92425
DBR1	I	False	0	0	False	0	False	0.0	0	0.0	-1	0	0.901621
UBE2Z	I	False	0	0	False	0	False	0.0	0	0.0	-1	0	0.959757
LSM3	I	False	0	0	False	0	False	0.0	0	0.0	-1	0	0.6691
CDC6	I	True	7	0	False	5	True	0.7143	288	206.0	1	1	0.578821
KIF18B	I	False	0	0	False	0	False	0.0	0	0.0	-1	0	0.879879
PSMD7	I	False	0	0	False	0	False	0.0	0	0.0	-1	0	0.437193
PMPCA	I	False	0	0	False	0	False	0.0	0	0.0	-1	0	0.582586
WDHD1	I	False	0	0	False	0	False	0.0	0	0.0	-1	0	0.818807
UTP18	I	False	0	0	False	0	False	0.0	0	0.0	-1	0	0.719264
ANAPC1	I	False	0	0	False	0	False	0.0	0	0.0	-1	0	0.862493
RPL5	I	False	0	0	False	0	False	0.0	0	0.0	-1	0	0.347064
CDC16	I	False	0	0	False	0	False	0.0	0	0.0	-1	0	0.734057
FAM32A	I	False	0	0	False	0	False	0.0	0	0.0	-1	0	0.712364
GEMIN4	I	False	0	0	False	0	False	0.0	0	0.0	-1	0	0.887221
MIS12	I	False	0	0	False	0	False	0.0	0	0.0	-1	0	0.8324
MEPCE	I	False	0	0	False	0	False	0.0	0	0.0	-1	0	0.975329
RANGAP1	I	False	0	0	False	0	False	0.0	0	0.0	-1	0	0.821143
PRIM2	I	False	0	0	False	0	False	0.0	0	0.0	-1	0	0.53345
GLI4	I	False	0	0	False	0	False	0.0	0	0.0	-1	0	0.942864
ALYREF	I	False	0	0	False	0	False	0.0	0	0.0	-1	0	0.755364
SURF6	I	False	0	0	False	0	False	0.0	0	0.0	-1	0	0.649464
NDUFB3	I	False	0	0	False	0	False	0.0	0	0.0	-1	0	0.954421
WDR1	I	False	0	0	False	0	False	0.0	0	0.0	-1	0	0.95705
CDC40	I	False	0	0	False	0	False	0.0	0	0.0	-1	0	0.701607
ORC1	I	False	0	0	False	0	False	0.0	0	0.0	-1	0	0.636243
SRP14	I	False	0	0	False	0	False	0.0	0	0.0	-1	0	0.937193
MED1	III	True	1	5	True	1	True	1.0	288	288.0	0	288	0.498264
COG6	I	False	0	0	False	0	False	0.0	0	0.0	-1	0	0.925071
EIF3F	I	False	0	0	False	0	False	0.0	0	0.0	-1	0	0.772536
GRPEL1	I	False	0	0	False	0	False	0.0	0	0.0	-1	0	0.558814
PSMB5	I	True	1	0	False	1	True	1.0	288	288.0	1	1	0.513807
SPATA5	I	False	0	0	False	0	False	0.0	0	0.0	-1	0	0.9604
ANLN	I	False	0	0	False	0	False	0.0	0	0.0	-1	0	0.963436
THOC6	I	False	0	0	False	0	False	0.0	0	0.0	-1	0	0.863929
DNAJA3	I	False	0	0	False	0	False	0.0	0	0.0	-1	0	0.6922
YEATS2	V	False	0	0	False	0	False	0.0	0	0.0	-1	0	0.871893
CDC123	I	False	0	0	False	0	False	0.0	0	0.0	-1	0	0.813793
UTP20	I	False	0	0	False	0	False	0.0	0	0.0	-1	0	0.661607
ZNF468	I	False	0	0	False	0	False	0.0	0	0.0	-1	0	0.947464
NAA38	I	False	0	0	False	0	False	0.0	0	0.0	-1	0	0.56815
MRPS6	I	False	0	0	False	0	False	0.0	0	0.0	-1	0	0.824914
SPTSSA	I	False	0	0	False	0	False	0.0	0	0.0	-1	0	0.934029
ZBTB11	I	False	0	0	False	0	False	0.0	0	0.0	-1	0	0.886021
AARS2	I	False	0	0	False	0	False	0.0	0	0.0	-1	0	0.876071
MYBL2	II	True	5	8	True	5	True	1.0	288	288.0	0	288	0.750671
SDHAF2	I	False	0	0	False	0	False	0.0	0	0.0	-1	0	0.9735
PRPF4	I	False	0	0	False	0	False	0.0	0	0.0	-1	0	0.546236
ACTL6A	I	False	0	0	False	0	False	0.0	0	0.0	-1	0	0.888793
HSPA14	I	False	0	0	False	0	False	0.0	0	0.0	-1	0	0.974143
PPA1	I	False	0	0	False	0	False	0.0	0	0.0	-1	0	0.875786
HIRA	I	True	0	1	False	0	False	0.0	0	0.0	-1	1	0.911464
EIF1AX	I	False	0	0	False	0	False	0.0	0	0.0	-1	0	0.668443
PSMA3	I	False	0	0	False	0	False	0.0	0	0.0	-1	0	0.468293
RBMX	I	True	0	8	False	0	False	0.0	0	0.0	1	1	0.716243
FOXL2	I	True	0	5	False	0	False	0.0	0	0.0	1	1	0.901843
PPARGC1B	I	False	0	0	False	0	False	0.0	0	0.0	-1	0	0.918671
MT2A	I	True	1	0	False	1	True	1.0	288	288.0	1	1	0.934236
ORC6	I	False	0	0	False	0	False	0.0	0	0.0	-1	0	0.713107
SF3A2	I	False	0	0	False	0	False	0.0	0	0.0	-1	0	0.593479
EIF3J	I	False	0	0	False	0	False	0.0	0	0.0	-1	0	0.820686
ZNF335	I	True	0	1	False	0	False	0.0	0	0.0	1	1	0.893393
GABPA	I	True	2	5	False	2	True	1.0	288	288.0	1	1	0.876379
SKA1	I	False	0	0	False	0	False	0.0	0	0.0	-1	0	0.901543
ANAPC4	I	True	1	0	False	1	True	1.0	288	288.0	1	1	0.805414
ARMC6	I	False	0	0	False	0	False	0.0	0	0.0	-1	0	0.958021
EXOC1	I	False	0	0	False	0	False	0.0	0	0.0	-1	0	0.91625
SNRPD1	I	False	0	0	False	0	False	0.0	0	0.0	-1	0	0.425836
CDC20	I	True	2	0	False	1	True	0.5	288	144.5	1	1	0.741807
SSRP1	I	False	0	0	False	0	False	0.0	0	0.0	-1	0	0.489771
CBX1	V	False	0	0	False	0	False	0.0	0	0.0	-1	0	0.928636
NUP133	I	False	0	0	False	0	False	0.0	0	0.0	-1	0	0.771543
TIMM22	I	False	0	0	False	0	False	0.0	0	0.0	-1	0	0.922414
YKT6	I	False	0	0	False	0	False	0.0	0	0.0	-1	0	0.855764
SNRNP200	I	False	0	0	False	0	False	0.0	0	0.0	-1	0	0.46355
EIF1	I	False	0	0	False	0	False	0.0	0	0.0	-1	0	0.942707
FAM136A	I	False	0	0	False	0	False	0.0	0	0.0	-1	0	0.800907
HDAC3	II	True	2	24	True	2	True	1.0	288	288.0	0	288	0.924379
EIF2B5	I	False	0	0	False	0	False	0.0	0	0.0	-1	0	0.411179
POLA2	I	False	0	0	False	0	False	0.0	0	0.0	-1	0	0.555736
RPS18	I	False	0	0	False	0	False	0.0	0	0.0	-1	0	0.392707
RAD51	III	True	8	1	True	6	True	0.75	288	216.25	0	288	0.669214
RNGTT	I	False	0	0	False	0	False	0.0	0	0.0	-1	0	0.823193
DPH2	I	False	0	0	False	0	False	0.0	0	0.0	-1	0	0.9119
RNPC3	I	False	0	0	False	0	False	0.0	0	0.0	-1	0	0.789421
UFM1	I	False	0	0	False	0	False	0.0	0	0.0	-1	0	0.876793
CDC73	I	True	1	0	False	1	True	1.0	288	288.0	1	1	0.61835
ISG20L2	I	False	0	0	False	0	False	0.0	0	0.0	-1	0	0.745314
LENG8	I	False	0	0	False	0	False	0.0	0	0.0	-1	0	0.893379
TP53RK	I	False	0	0	False	0	False	0.0	0	0.0	-1	0	0.888814
PDCD6	I	False	0	0	False	0	False	0.0	0	0.0	-1	0	0.911479
DR1	I	True	2	4	True	1	True	0.5	288	144.5	0	288	0.953286
DDOST	I	False	0	0	False	0	False	0.0	0	0.0	-1	0	0.860314
MLST8	I	False	0	0	False	0	False	0.0	0	0.0	-1	0	0.846364
CCNK	I	False	0	0	False	0	False	0.0	0	0.0	-1	0	0.886086
USP19	I	False	0	0	False	0	False	0.0	0	0.0	-1	0	0.975407
RPP14	I	False	0	0	False	0	False	0.0	0	0.0	-1	0	0.735414
WDTC1	I	False	0	0	False	0	False	0.0	0	0.0	-1	0	0.822007
RPF1	I	False	0	0	False	0	False	0.0	0	0.0	-1	0	0.749843
XRN2	I	False	0	0	False	0	False	0.0	0	0.0	-1	0	0.837907
TMEM258	I	False	0	0	False	0	False	0.0	0	0.0	-1	0	0.805629
PIGH	I	False	0	0	False	0	False	0.0	0	0.0	-1	0	0.953621
GAR1	I	False	0	0	False	0	False	0.0	0	0.0	-1	0	0.830321
ACTR1A	I	False	0	0	False	0	False	0.0	0	0.0	-1	0	0.960514
GAPDH	I	True	3	0	False	2	True	0.6667	288	192.33	1	1	0.785207
MAT2A	I	True	7	0	False	6	True	0.8571	288	247.0	1	1	0.894257
EIF2B1	I	False	0	0	False	0	False	0.0	0	0.0	-1	0	0.598129
SLC39A9	I	False	0	0	False	0	False	0.0	0	0.0	-1	0	0.753864
NAA10	I	False	0	0	False	0	False	0.0	0	0.0	-1	0	0.882886
UBAP1	I	False	0	0	False	0	False	0.0	0	0.0	-1	0	0.6251
COPA	I	False	0	0	False	0	False	0.0	0	0.0	-1	0	0.544236
RPS27	I	False	0	0	False	0	False	0.0	0	0.0	-1	0	0.42665
EIF4G2	I	False	0	0	False	0	False	0.0	0	0.0	-1	0	0.695271
PSME2	I	False	0	0	False	0	False	0.0	0	0.0	-1	0	0.94505
CHMP6	I	False	0	0	False	0	False	0.0	0	0.0	-1	0	0.634586
ILF3	I	True	1	7	False	0	False	0.0	1	1.0	-1	1	0.878786
NOLC1	I	True	3	0	False	3	True	1.0	288	288.0	1	1	0.831486
MRPL19	I	False	0	0	False	0	False	0.0	0	0.0	-1	0	0.682693
RPN2	I	False	0	0	False	0	False	0.0	0	0.0	-1	0	0.960314
PPP1R8	I	False	0	0	False	0	False	0.0	0	0.0	-1	0	0.886321
RAD17	I	False	0	0	False	0	False	0.0	0	0.0	-1	0	0.900321
ELOVL1	I	False	0	0	False	0	False	0.0	0	0.0	-1	0	0.928314
WDR4	I	False	0	0	False	0	False	0.0	0	0.0	-1	0	0.852329
WDR82	V	False	0	0	False	0	False	0.0	0	0.0	-1	0	0.633921
COX7C	I	True	1	0	False	1	True	1.0	288	288.0	1	1	0.746764
FNTA	I	False	0	0	False	0	False	0.0	0	0.0	-1	0	0.826643
POLE	I	False	0	0	False	0	False	0.0	0	0.0	-1	0	0.539243
RNF8	I	True	1	0	False	0	False	0.0	1	1.0	2	1	0.878264
TIMM13	I	False	0	0	False	0	False	0.0	0	0.0	-1	0	0.68885
MNAT1	I	True	2	0	False	2	True	1.0	288	288.0	1	1	0.74735
NSRP1	I	False	0	0	False	0	False	0.0	0	0.0	-1	0	0.676757
NUP98	I	False	0	0	False	0	False	0.0	0	0.0	-1	0	0.544529
SNRNP48	I	False	0	0	False	0	False	0.0	0	0.0	-1	0	0.68595
CDC5L	I	True	0	1	False	0	False	0.0	0	0.0	-1	1	0.580257
PAF1	I	False	0	0	False	0	False	0.0	0	0.0	-1	0	0.651557
PSMA2	I	False	0	0	False	0	False	0.0	0	0.0	-1	0	0.791107
SUGP1	I	True	0	1	False	0	False	0.0	0	0.0	-1	1	0.915443
SUPT6H	I	False	0	0	False	0	False	0.0	0	0.0	-1	0	0.499879
MBTPS1	I	False	0	0	False	0	False	0.0	0	0.0	-1	0	0.962571
RBBP8	I	True	2	0	False	2	True	1.0	288	288.0	1	1	0.820157
TTC1	I	False	0	0	False	0	False	0.0	0	0.0	-1	0	0.91525
NCKAP1	I	False	0	0	False	0	False	0.0	0	0.0	-1	0	0.831379
RPAP2	I	False	0	0	False	0	False	0.0	0	0.0	-1	0	0.677886
CLASRP	I	False	0	0	False	0	False	0.0	0	0.0	-1	0	0.8813
TINF2	I	True	1	0	False	1	True	1.0	288	288.0	1	1	0.862664
COPG1	I	False	0	0	False	0	False	0.0	0	0.0	-1	0	0.934843
BCL2L1	I	True	16	0	False	15	True	0.9375	288	270.06	1	1	0.94635
NUP85	I	False	0	0	False	0	False	0.0	0	0.0	-1	0	0.712621
POLD3	I	False	0	0	False	0	False	0.0	0	0.0	-1	0	0.696129
SLU7	I	False	0	0	False	0	False	0.0	0	0.0	-1	0	0.611721
GRSF1	I	False	0	0	False	0	False	0.0	0	0.0	-1	0	0.69865
BRIX1	I	False	0	0	False	0	False	0.0	0	0.0	-1	0	0.607379
XRCC5	I	True	0	3	False	0	False	0.0	0	0.0	1	1	0.8298
RPL9	I	False	0	0	False	0	False	0.0	0	0.0	-1	0	0.324421
WBP1L	I	False	0	0	False	0	False	0.0	0	0.0	-1	0	0.982857
NFS1	I	False	0	0	False	0	False	0.0	0	0.0	-1	0	0.759186
FASTKD5	I	False	0	0	False	0	False	0.0	0	0.0	-1	0	0.8476
TOP3A	I	True	3	0	False	2	True	0.6667	288	192.33	1	1	0.90625
INO80B	V	False	0	0	False	0	False	0.0	0	0.0	-1	0	0.863107
RBM28	I	False	0	0	False	0	False	0.0	0	0.0	-1	0	0.757443
TUT1	I	False	0	0	False	0	False	0.0	0	0.0	-1	0	0.819779
HSPA5	I	True	10	0	False	8	True	0.8	288	230.6	1	1	0.545979
PRPF19	I	False	0	0	False	0	False	0.0	0	0.0	-1	0	0.6375
UBA2	I	False	0	0	False	0	False	0.0	0	0.0	-1	0	0.819821
CCDC59	I	False	0	0	False	0	False	0.0	0	0.0	-1	0	0.875179
HSPA9	I	False	0	0	False	0	False	0.0	0	0.0	-1	0	0.414564
RSL1D1	I	False	0	0	False	0	False	0.0	0	0.0	-1	0	0.675193
MAU2	I	False	0	0	False	0	False	0.0	0	0.0	-1	0	0.852121
PLRG1	I	True	1	0	False	0	False	0.0	1	1.0	-1	1	0.635186
UNC50	I	False	0	0	False	0	False	0.0	0	0.0	-1	0	0.919721
VPS33A	I	False	0	0	False	0	False	0.0	0	0.0	-1	0	0.847179
TADA3	I	False	0	0	False	0	False	0.0	0	0.0	-1	0	0.869986
NDUFAB1	I	False	0	0	False	0	False	0.0	0	0.0	-1	0	0.76785
RRM1	I	True	2	0	False	2	True	1.0	288	288.0	1	1	0.590607
MRPL18	I	False	0	0	False	0	False	0.0	0	0.0	-1	0	0.702557
SAP130	I	False	0	0	False	0	False	0.0	0	0.0	-1	0	0.785236
PGPEP1	I	False	0	0	False	0	False	0.0	0	0.0	-1	0	0.826279
RFC1	I	False	0	0	False	0	False	0.0	0	0.0	-1	0	0.726379
USP7	I	True	4	0	False	3	True	0.75	288	216.25	1	1	0.932264
IMPDH2	I	True	4	0	False	4	True	1.0	288	288.0	1	1	0.813321
RIOK2	I	False	0	0	False	0	False	0.0	0	0.0	-1	0	0.774171
ARPC3	I	False	0	0	False	0	False	0.0	0	0.0	-1	0	0.916657
INTS9	I	False	0	0	False	0	False	0.0	0	0.0	-1	0	0.587264
COPS4	I	False	0	0	False	0	False	0.0	0	0.0	-1	0	0.698664
PSMD13	I	False	0	0	False	0	False	0.0	0	0.0	-1	0	0.568214
THAP1	I	False	0	0	False	0	False	0.0	0	0.0	-1	0	0.817914
MED4	I	False	0	0	False	0	False	0.0	0	0.0	-1	0	0.430607
TAF2	I	False	0	0	False	0	False	0.0	0	0.0	-1	0	0.737879
BUB1B	I	True	1	0	False	0	False	0.0	1	1.0	-1	1	0.788721
METTL3	I	False	0	0	False	0	False	0.0	0	0.0	-1	0	0.9453
CSE1L	I	False	0	0	False	0	False	0.0	0	0.0	-1	0	0.619643
GTF2H1	I	False	0	0	False	0	False	0.0	0	0.0	-1	0	0.541971
NELFA	I	False	0	0	False	0	False	0.0	0	0.0	-1	0	0.909371
HNRNPC	I	False	0	0	False	0	False	0.0	0	0.0	-1	0	0.693436
UBA52	I	False	0	0	False	0	False	0.0	0	0.0	-1	0	0.749929
RPS26	I	False	0	0	False	0	False	0.0	0	0.0	-1	0	0.485479
CSTF1	I	False	0	0	False	0	False	0.0	0	0.0	-1	0	0.730129
MCM3AP	I	False	0	0	False	0	False	0.0	0	0.0	-1	0	0.751464
COA5	I	False	0	0	False	0	False	0.0	0	0.0	-1	0	0.856636
EEF1G	I	False	0	0	False	0	False	0.0	0	0.0	-1	0	0.779193
GTF2H2	I	False	0	0	False	0	False	0.0	0	0.0	-1	0	0.817329
MRPL33	I	False	0	0	False	0	False	0.0	0	0.0	-1	0	0.7274
WDR33	I	False	0	0	False	0	False	0.0	0	0.0	-1	0	0.74865
PDRG1	I	False	0	0	False	0	False	0.0	0	0.0	-1	0	0.796993
ATP2A2	I	True	5	0	False	3	True	0.6	288	173.2	1	1	0.95595
CIAO1	I	True	1	0	False	1	True	1.0	288	288.0	1	1	0.871329
POP4	I	False	0	0	False	0	False	0.0	0	0.0	-1	0	0.813143
RPL24	I	False	0	0	False	0	False	0.0	0	0.0	-1	0	0.322986
UBE2M	I	False	0	0	False	0	False	0.0	0	0.0	-1	0	0.916836
NDUFB8	I	False	0	0	False	0	False	0.0	0	0.0	-1	0	0.754529
POLR3H	I	False	0	0	False	0	False	0.0	0	0.0	-1	0	0.949
GON4L	I	False	0	0	False	0	False	0.0	0	0.0	-1	0	0.840071
SEPHS2	I	False	0	0	False	0	False	0.0	0	0.0	-1	0	0.960879
VPS29	I	False	0	0	False	0	False	0.0	0	0.0	-1	0	0.787879
GSPT1	I	True	2	0	False	2	True	1.0	288	288.0	1	1	0.55795
RPS16	I	False	0	0	False	0	False	0.0	0	0.0	-1	0	0.505529
SDAD1	I	False	0	0	False	0	False	0.0	0	0.0	-1	0	0.544064
POLA1	I	False	0	0	False	0	False	0.0	0	0.0	-1	0	0.541543
LTV1	I	False	0	0	False	0	False	0.0	0	0.0	-1	0	0.6538
CTU2	I	False	0	0	False	0	False	0.0	0	0.0	-1	0	0.957557
PFDN6	I	False	0	0	False	0	False	0.0	0	0.0	-1	0	0.907943
MRPL54	I	False	0	0	False	0	False	0.0	0	0.0	-1	0	0.785621
DHX8	I	False	0	0	False	0	False	0.0	0	0.0	-1	0	0.656443
CDK9	I	False	0	0	False	0	False	0.0	0	0.0	-1	0	0.968271
PSMB1	I	False	0	0	False	0	False	0.0	0	0.0	-1	0	0.583771
TAF7	I	True	2	0	False	2	True	1.0	288	288.0	1	1	0.727329
ABHD17A	I	False	0	0	False	0	False	0.0	0	0.0	-1	0	0.948936
TTC4	I	False	0	0	False	0	False	0.0	0	0.0	-1	0	0.957629
ZRSR2	I	False	0	0	False	0	False	0.0	0	0.0	-1	0	0.86755
COASY	I	False	0	0	False	0	False	0.0	0	0.0	-1	0	0.95965
MCM10	I	True	2	0	False	2	True	1.0	288	288.0	1	1	0.663307
FBXO5	I	False	0	0	False	0	False	0.0	0	0.0	-1	0	0.80015
DHFR	I	True	3	0	False	3	True	1.0	288	288.0	1	1	0.95515
HSCB	I	False	0	0	False	0	False	0.0	0	0.0	-1	0	0.831329
LSM10	I	False	0	0	False	0	False	0.0	0	0.0	-1	0	0.899629
SNRPG	I	False	0	0	False	0	False	0.0	0	0.0	-1	0	0.419879
SMC1A	I	False	0	0	False	0	False	0.0	0	0.0	-1	0	0.554393
PTPN23	I	False	0	0	False	0	False	0.0	0	0.0	-1	0	0.978514
SMC3	I	False	0	0	False	0	False	0.0	0	0.0	-1	0	0.639414
EMC3	I	False	0	0	False	0	False	0.0	0	0.0	-1	0	0.931543
UXS1	I	False	0	0	False	0	False	0.0	0	0.0	-1	0	0.92955
PARS2	I	False	0	0	False	0	False	0.0	0	0.0	-1	0	0.89745
NELFB	I	True	0	1	False	0	False	0.0	0	0.0	-1	1	0.748979
UQCC2	I	False	0	0	False	0	False	0.0	0	0.0	-1	0	0.876264
MARS2	I	False	0	0	False	0	False	0.0	0	0.0	-1	0	0.889271
SNUPN	I	False	0	0	False	0	False	0.0	0	0.0	-1	0	0.933871
TEX10	I	False	0	0	False	0	False	0.0	0	0.0	-1	0	0.682007
GLRX5	I	False	0	0	False	0	False	0.0	0	0.0	-1	0	0.9
KPNA6	I	False	0	0	False	0	False	0.0	0	0.0	-1	0	0.8905
PNISR	I	False	0	0	False	0	False	0.0	0	0.0	-1	0	0.87025
STRAP	I	False	0	0	False	0	False	0.0	0	0.0	-1	0	0.880764
MZF1	I	True	1	7	False	1	True	1.0	288	288.0	1	1	0.980943
SASS6	I	False	0	0	False	0	False	0.0	0	0.0	-1	0	0.888371
IPO7	I	True	2	0	False	2	True	1.0	288	288.0	1	1	0.912329
ATP6V1G1	I	False	0	0	False	0	False	0.0	0	0.0	-1	0	0.879857
SP2	I	True	0	9	False	0	False	0.0	0	0.0	1	1	0.957357
SAE1	I	False	0	0	False	0	False	0.0	0	0.0	-1	0	0.829029
PPP1R2	I	False	0	0	False	0	False	0.0	0	0.0	-1	0	0.947664
TSEN34	I	False	0	0	False	0	False	0.0	0	0.0	-1	0	0.881329
POLR2E	I	False	0	0	False	0	False	0.0	0	0.0	-1	0	0.730964
C1QBP	I	True	1	0	False	1	True	1.0	288	288.0	1	1	0.712879
MSTO1	I	False	0	0	False	0	False	0.0	0	0.0	-1	0	0.959093
EIF2S1	I	False	0	0	False	0	False	0.0	0	0.0	-1	0	0.576143
ZMAT5	I	False	0	0	False	0	False	0.0	0	0.0	-1	0	0.845593
CHMP5	I	False	0	0	False	0	False	0.0	0	0.0	-1	0	0.923086
GTF2A2	I	False	0	0	False	0	False	0.0	0	0.0	-1	0	0.811143
MSRB1	I	False	0	0	False	0	False	0.0	0	0.0	-1	0	0.935671
RPL7	I	False	0	0	False	0	False	0.0	0	0.0	-1	0	0.313243
ZNF574	I	False	0	0	False	0	False	0.0	0	0.0	-1	0	0.879429
PFN1	I	False	0	0	False	0	False	0.0	0	0.0	-1	0	0.764071
USP37	I	False	0	0	False	0	False	0.0	0	0.0	-1	0	0.873436
PSMC4	I	False	0	0	False	0	False	0.0	0	0.0	-1	0	0.430036
CCDC86	I	False	0	0	False	0	False	0.0	0	0.0	-1	0	0.542779
RPL37	I	False	0	0	False	0	False	0.0	0	0.0	-1	0	0.399593
EXOSC3	I	False	0	0	False	0	False	0.0	0	0.0	-1	0	0.752021
MED20	I	False	0	0	False	0	False	0.0	0	0.0	-1	0	0.524743
HEATR1	I	False	0	0	False	0	False	0.0	0	0.0	-1	0	0.535493
USP39	I	False	0	0	False	0	False	0.0	0	0.0	-1	0	0.740857
RPL30	I	False	0	0	False	0	False	0.0	0	0.0	-1	0	0.305121
NDUFA8	I	False	0	0	False	0	False	0.0	0	0.0	-1	0	0.834743
CAMLG	I	False	0	0	False	0	False	0.0	0	0.0	-1	0	0.859329
SNRNP25	I	False	0	0	False	0	False	0.0	0	0.0	-1	0	0.796464
MED19	I	False	0	0	False	0	False	0.0	0	0.0	-1	0	0.430729
PIK3C3	II	False	0	0	False	0	False	0.0	0	0.0	-1	0	0.942921
SUPV3L1	I	False	0	0	False	0	False	0.0	0	0.0	-1	0	0.815957
PFDN5	I	False	0	0	False	0	False	0.0	0	0.0	-1	0	0.923814
GUCD1	I	False	0	0	False	0	False	0.0	0	0.0	-1	0	0.717729
ACTR8	I	False	0	0	False	0	False	0.0	0	0.0	-1	0	0.817164
SF3B2	I	False	0	0	False	0	False	0.0	0	0.0	-1	0	0.480921
ZNHIT3	I	False	0	0	False	0	False	0.0	0	0.0	-1	0	0.96835
KANSL2	I	False	0	0	False	0	False	0.0	0	0.0	-1	0	0.733157
CACTIN	I	False	0	0	False	0	False	0.0	0	0.0	-1	0	0.775279
SIN3A	I	True	1	2	False	0	False	0.0	1	1.0	1	1	0.830707
PHAX	I	False	0	0	False	0	False	0.0	0	0.0	-1	0	0.633186
POP7	I	False	0	0	False	0	False	0.0	0	0.0	-1	0	0.835143
RPS6	I	False	0	0	False	0	False	0.0	0	0.0	-1	0	0.372179
CENPN	I	False	0	0	False	0	False	0.0	0	0.0	-1	0	0.851343
TRAPPC3	I	False	0	0	False	0	False	0.0	0	0.0	-1	0	0.883443
HNRNPR	I	True	0	1	False	0	False	0.0	0	0.0	-1	1	0.951007
PAXBP1	I	False	0	0	False	0	False	0.0	0	0.0	-1	0	0.789921
RPLP0	I	True	1	0	False	1	True	1.0	288	288.0	1	1	0.468193
RMI1	I	False	0	0	False	0	False	0.0	0	0.0	-1	0	0.865529
NOP10	I	False	0	0	False	0	False	0.0	0	0.0	-1	0	0.799307
RBX1	I	False	0	0	False	0	False	0.0	0	0.0	-1	0	0.811064
MRPS12	I	False	0	0	False	0	False	0.0	0	0.0	-1	0	0.822057
XPO5	I	False	0	0	False	0	False	0.0	0	0.0	-1	0	0.879457
NSMCE2	I	False	0	0	False	0	False	0.0	0	0.0	-1	0	0.914307
PDAP1	I	False	0	0	False	0	False	0.0	0	0.0	-1	0	0.85705
TPR	I	False	0	0	False	0	False	0.0	0	0.0	-1	0	0.718336
PRPF40A	I	False	0	0	False	0	False	0.0	0	0.0	-1	0	0.787636
NUDCD3	I	False	0	0	False	0	False	0.0	0	0.0	-1	0	0.801479
EIF2B3	I	False	0	0	False	0	False	0.0	0	0.0	-1	0	0.51455
RBM4	I	False	0	0	False	0	False	0.0	0	0.0	-1	0	0.783979
TUBD1	I	False	0	0	False	0	False	0.0	0	0.0	-1	0	0.93075
OXA1L	I	False	0	0	False	0	False	0.0	0	0.0	-1	0	0.66635
ACTR2	I	False	0	0	False	0	False	0.0	0	0.0	-1	0	0.911914
INTS2	I	False	0	0	False	0	False	0.0	0	0.0	-1	0	0.532514
NCAPH	I	False	0	0	False	0	False	0.0	0	0.0	-1	0	0.756543
COPS3	I	False	0	0	False	0	False	0.0	0	0.0	-1	0	0.787821
EXOSC8	I	False	0	0	False	0	False	0.0	0	0.0	-1	0	0.683743
ACTB	I	False	0	0	False	0	False	0.0	0	0.0	-1	0	0.836086
SUMO2	I	True	1	0	False	1	True	1.0	288	288.0	1	1	0.906521
ZFC3H1	I	False	0	0	False	0	False	0.0	0	0.0	-1	0	0.877864
FXN	I	True	1	0	False	1	True	1.0	288	288.0	1	1	0.81025
RAD51C	I	False	0	0	False	0	False	0.0	0	0.0	-1	0	0.800529
IGBP1	I	False	0	0	False	0	False	0.0	0	0.0	-1	0	0.5805
POLD1	I	True	2	0	False	2	True	1.0	288	288.0	1	1	0.612036
DYNC1I2	I	False	0	0	False	0	False	0.0	0	0.0	-1	0	0.605493
MRPL41	I	False	0	0	False	0	False	0.0	0	0.0	-1	0	0.808136
WDR26	I	False	0	0	False	0	False	0.0	0	0.0	-1	0	0.863071
POLR2C	I	False	0	0	False	0	False	0.0	0	0.0	-1	0	0.454343
LSG1	I	False	0	0	False	0	False	0.0	0	0.0	-1	0	0.793979
MRPS35	I	False	0	0	False	0	False	0.0	0	0.0	-1	0	0.718007
SNRNP70	I	False	0	0	False	0	False	0.0	0	0.0	-1	0	0.606757
HAUS5	I	False	0	0	False	0	False	0.0	0	0.0	-1	0	0.754671
CENPW	I	True	1	0	False	1	True	1.0	288	288.0	1	1	0.926614
PIAS4	I	True	0	2	False	0	False	0.0	0	0.0	1	1	0.674593
SSBP1	I	False	0	0	False	0	False	0.0	0	0.0	-1	0	0.818507
MRPS21	I	False	0	0	False	0	False	0.0	0	0.0	-1	0	0.674507
TRRAP	I	True	0	2	False	0	False	0.0	0	0.0	1	1	0.579571
SLC39A7	I	False	0	0	False	0	False	0.0	0	0.0	-1	0	0.922457
UQCRC1	I	False	0	0	False	0	False	0.0	0	0.0	-1	0	0.877279
PRPF3	I	False	0	0	False	0	False	0.0	0	0.0	-1	0	0.486521
PPP1CA	I	False	0	0	False	0	False	0.0	0	0.0	-1	0	0.8551
MCM7	I	True	3	0	False	3	True	1.0	288	288.0	1	1	0.749614
MCM5	II	True	2	1	True	2	True	1.0	288	288.0	0	288	0.779679
WDR12	I	False	0	0	False	0	False	0.0	0	0.0	-1	0	0.603171
NSA2	I	False	0	0	False	0	False	0.0	0	0.0	-1	0	0.720914
DCTN2	I	False	0	0	False	0	False	0.0	0	0.0	-1	0	0.883864
CSNK1A1	I	True	1	0	False	0	False	0.0	1	1.0	-1	1	0.752864
MIS18BP1	I	False	0	0	False	0	False	0.0	0	0.0	-1	0	0.936057
GNPNAT1	I	False	0	0	False	0	False	0.0	0	0.0	-1	0	0.964707
ALG13	I	False	0	0	False	0	False	0.0	0	0.0	-1	0	0.903036
DCTN6	I	False	0	0	False	0	False	0.0	0	0.0	-1	0	0.912079
MCM4	I	True	1	0	False	1	True	1.0	288	288.0	1	1	0.71525
PSMD9	I	False	0	0	False	0	False	0.0	0	0.0	-1	0	0.986836
ELP6	I	False	0	0	False	0	False	0.0	0	0.0	-1	0	0.972421
SRSF6	I	False	0	0	False	0	False	0.0	0	0.0	-1	0	0.929479
CUL3	I	False	0	0	False	0	False	0.0	0	0.0	-1	0	0.962621
NR2C2AP	I	False	0	0	False	0	False	0.0	0	0.0	-1	0	0.952864
MRPS26	I	False	0	0	False	0	False	0.0	0	0.0	-1	0	0.80395
RPL34	I	False	0	0	False	0	False	0.0	0	0.0	-1	0	0.277657
DDX55	I	False	0	0	False	0	False	0.0	0	0.0	-1	0	0.710129
GTF3C5	I	False	0	0	False	0	False	0.0	0	0.0	-1	0	0.882786
CPOX	I	False	0	0	False	0	False	0.0	0	0.0	-1	0	0.974207
MAD2L1	I	True	4	0	False	3	True	0.75	288	216.25	1	1	0.801943
PHF12	V	False	0	0	False	0	False	0.0	0	0.0	-1	0	0.895529
NHP2	I	False	0	0	False	0	False	0.0	0	0.0	-1	0	0.855179
VMP1	I	True	1	0	False	0	False	0.0	1	1.0	-1	1	0.863814
FEN1	I	False	0	0	False	0	False	0.0	0	0.0	-1	0	0.911736
SDHC	I	False	0	0	False	0	False	0.0	0	0.0	-1	0	0.879264
REV3L	I	False	0	0	False	0	False	0.0	0	0.0	-1	0	0.928686
ZMAT2	I	False	0	0	False	0	False	0.0	0	0.0	-1	0	0.628636
ARF4	I	False	0	0	False	0	False	0.0	0	0.0	-1	0	0.9597
PPME1	I	False	0	0	False	0	False	0.0	0	0.0	-1	0	0.917607
HDAC7	IV	True	4	13	True	4	True	1.0	288	288.0	0	288	0.714943
COX11	I	False	0	0	False	0	False	0.0	0	0.0	-1	0	0.857993
PXN	I	False	0	0	False	0	False	0.0	0	0.0	-1	0	0.916864
RPL36AL	I	False	0	0	False	0	False	0.0	0	0.0	-1	0	0.937907
RPL36A	I	False	0	0	False	0	False	0.0	0	0.0	-1	0	0.698386
RPE	I	False	0	0	False	0	False	0.0	0	0.0	-1	0	0.9548
PPIL4	I	False	0	0	False	0	False	0.0	0	0.0	-1	0	0.8143
MRPS10	I	False	0	0	False	0	False	0.0	0	0.0	-1	0	0.7963
CAPZB	I	False	0	0	False	0	False	0.0	0	0.0	-1	0	0.865421
CCNH	I	False	0	0	False	0	False	0.0	0	0.0	-1	0	0.7119
LIN54	I	True	1	0	False	1	True	1.0	288	288.0	1	1	0.900771
NPM3	I	False	0	0	False	0	False	0.0	0	0.0	-1	0	0.89375
DHX37	I	False	0	0	False	0	False	0.0	0	0.0	-1	0	0.711029
NCAPD3	I	False	0	0	False	0	False	0.0	0	0.0	-1	0	0.981243
U2SURP	I	False	0	0	False	0	False	0.0	0	0.0	-1	0	0.799393
CCT7	I	False	0	0	False	0	False	0.0	0	0.0	-1	0	0.5776
HMGCR	I	True	1	0	False	1	True	1.0	288	288.0	1	1	0.878793
MRPL32	I	False	0	0	False	0	False	0.0	0	0.0	-1	0	0.830921
POLR2H	I	False	0	0	False	0	False	0.0	0	0.0	-1	0	0.575907
STIL	I	False	0	0	False	0	False	0.0	0	0.0	-1	0	0.846321
CBLL1	I	False	0	0	False	0	False	0.0	0	0.0	-1	0	0.904993
CCT5	I	False	0	0	False	0	False	0.0	0	0.0	-1	0	0.679614
ZNHIT2	I	False	0	0	False	0	False	0.0	0	0.0	-1	0	0.9035
TERF2	I	True	1	0	False	1	True	1.0	288	288.0	1	1	0.859193
DDX51	I	False	0	0	False	0	False	0.0	0	0.0	-1	0	0.658786
SYS1	I	False	0	0	False	0	False	0.0	0	0.0	-1	0	0.914936
RCL1	I	False	0	0	False	0	False	0.0	0	0.0	-1	0	0.647736
IARS2	I	False	0	0	False	0	False	0.0	0	0.0	-1	0	0.641643
RBBP6	I	False	0	0	False	0	False	0.0	0	0.0	-1	0	0.784857
WDR18	I	False	0	0	False	0	False	0.0	0	0.0	-1	0	0.93065
C19orf25	I	False	0	0	False	0	False	0.0	0	0.0	-1	0	0.904857
BCAR1	I	True	2	0	False	2	True	1.0	288	288.0	1	1	0.933771
DPH3	I	False	0	0	False	0	False	0.0	0	0.0	-1	0	0.980129
CTNNBL1	I	False	0	0	False	0	False	0.0	0	0.0	-1	0	0.837879
MRPS24	I	False	0	0	False	0	False	0.0	0	0.0	-1	0	0.773079
YPEL5	I	False	0	0	False	0	False	0.0	0	0.0	-1	0	0.875586
EXOSC1	I	False	0	0	False	0	False	0.0	0	0.0	-1	0	0.884893
RPLP2	I	False	0	0	False	0	False	0.0	0	0.0	-1	0	0.605971
NIP7	I	False	0	0	False	0	False	0.0	0	0.0	-1	0	0.487593
CYCS	I	False	0	0	False	0	False	0.0	0	0.0	-1	0	0.7875
NSL1	I	False	0	0	False	0	False	0.0	0	0.0	-1	0	0.858386
HBS1L	I	False	0	0	False	0	False	0.0	0	0.0	-1	0	0.535029
ERH	I	False	0	0	False	0	False	0.0	0	0.0	-1	0	0.722214
ESPL1	I	False	0	0	False	0	False	0.0	0	0.0	-1	0	0.810843
MRPL45	I	False	0	0	False	0	False	0.0	0	0.0	-1	0	0.844593
ANKS6	I	False	0	0	False	0	False	0.0	0	0.0	-1	0	0.921757
RAC3	I	False	0	0	False	0	False	0.0	0	0.0	-1	0	0.87775
TUBGCP6	I	False	0	0	False	0	False	0.0	0	0.0	-1	0	0.944721
POLE2	I	True	2	0	False	1	True	0.5	288	144.5	1	1	0.892879
SMUG1	I	True	1	0	False	0	False	0.0	1	1.0	-1	1	0.878671
LAMTOR2	I	False	0	0	False	0	False	0.0	0	0.0	-1	0	0.818393
DIMT1	I	False	0	0	False	0	False	0.0	0	0.0	-1	0	0.640607
PSME1	I	False	0	0	False	0	False	0.0	0	0.0	-1	0	0.87385
BRD4	V	True	1	0	False	0	False	0.0	1	1.0	-1	1	0.883807
DNAJA1	I	False	0	0	False	0	False	0.0	0	0.0	-1	0	0.763421
CSTF3	I	False	0	0	False	0	False	0.0	0	0.0	-1	0	0.850671
NAA35	I	False	0	0	False	0	False	0.0	0	0.0	-1	0	0.926964
NELFE	I	False	0	0	False	0	False	0.0	0	0.0	-1	0	0.8637
QRSL1	I	False	0	0	False	0	False	0.0	0	0.0	-1	0	0.913014
NSMCE1	I	False	0	0	False	0	False	0.0	0	0.0	-1	0	0.895479
EFTUD2	I	False	0	0	False	0	False	0.0	0	0.0	-1	0	0.558093
ACIN1	I	False	0	0	False	0	False	0.0	0	0.0	-1	0	0.909864
WAC	I	False	0	0	False	0	False	0.0	0	0.0	-1	0	0.916493
RBM10	I	False	0	0	False	0	False	0.0	0	0.0	-1	0	0.945929
DCTN1	I	False	0	0	False	0	False	0.0	0	0.0	-1	0	0.820586
ATP1A1	I	False	0	0	False	0	False	0.0	0	0.0	-1	0	0.821379
SUPT5H	I	False	0	0	False	0	False	0.0	0	0.0	-1	0	0.508171
PARN	I	False	0	0	False	0	False	0.0	0	0.0	-1	0	0.944357
USP10	I	False	0	0	False	0	False	0.0	0	0.0	-1	0	0.9173
TSR2	I	False	0	0	False	0	False	0.0	0	0.0	-1	0	0.715557
ANAPC11	I	False	0	0	False	0	False	0.0	0	0.0	-1	0	0.964229
GFM1	I	False	0	0	False	0	False	0.0	0	0.0	-1	0	0.668521
TRIAP1	I	False	0	0	False	0	False	0.0	0	0.0	-1	0	0.865314
DDX5	I	True	0	2	False	0	False	0.0	0	0.0	-1	1	0.956421
GTF3C2	I	True	1	0	False	0	False	0.0	1	1.0	-1	1	0.892293
SCNM1	I	False	0	0	False	0	False	0.0	0	0.0	-1	0	0.978243
CDC42	I	True	1	0	False	1	True	1.0	288	288.0	1	1	0.948557
RPS9	I	False	0	0	False	0	False	0.0	0	0.0	-1	0	0.345521
TTC27	I	False	0	0	False	0	False	0.0	0	0.0	-1	0	0.917564
PSMG1	I	False	0	0	False	0	False	0.0	0	0.0	-1	0	0.945864
MED6	I	False	0	0	False	0	False	0.0	0	0.0	-1	0	0.426157
CENPE	I	False	0	0	False	0	False	0.0	0	0.0	-1	0	0.733671
ORC5	I	False	0	0	False	0	False	0.0	0	0.0	-1	0	0.827507
ELP3	I	False	0	0	False	0	False	0.0	0	0.0	-1	0	0.901093
TFB2M	I	False	0	0	False	0	False	0.0	0	0.0	-1	0	0.9657
DDX19A	I	False	0	0	False	0	False	0.0	0	0.0	-1	0	0.951236
ESF1	I	False	0	0	False	0	False	0.0	0	0.0	-1	0	0.618436
TLCD1	I	False	0	0	False	0	False	0.0	0	0.0	-1	0	0.948129
FTSJ3	I	False	0	0	False	0	False	0.0	0	0.0	-1	0	0.69075
PRPF6	I	False	0	0	False	0	False	0.0	0	0.0	-1	0	0.5371
PTMA	I	True	1	4	False	1	True	1.0	288	288.0	1	1	0.857379
TXN	I	True	3	0	False	1	True	0.3333	288	96.67	1	1	0.7859
VPS41	I	False	0	0	False	0	False	0.0	0	0.0	-1	0	0.809464
CMTR1	I	False	0	0	False	0	False	0.0	0	0.0	-1	0	0.910293
URB2	I	False	0	0	False	0	False	0.0	0	0.0	-1	0	0.715579
PES1	I	False	0	0	False	0	False	0.0	0	0.0	-1	0	0.759664
ADAT2	I	False	0	0	False	0	False	0.0	0	0.0	-1	0	0.946636
LSM12	I	False	0	0	False	0	False	0.0	0	0.0	-1	0	0.902229
RTEL1	I	False	0	0	False	0	False	0.0	0	0.0	-1	0	0.902307
WDR3	I	False	0	0	False	0	False	0.0	0	0.0	-1	0	0.570693
SDHA	I	False	0	0	False	0	False	0.0	0	0.0	-1	0	0.934471
UTP15	I	False	0	0	False	0	False	0.0	0	0.0	-1	0	0.532971
BORA	I	False	0	0	False	0	False	0.0	0	0.0	-1	0	0.839164
SPRTN	I	False	0	0	False	0	False	0.0	0	0.0	-1	0	0.897179
MRPS22	I	False	0	0	False	0	False	0.0	0	0.0	-1	0	0.781321
SNAPC2	I	False	0	0	False	0	False	0.0	0	0.0	-1	0	0.856936
BUB1	I	False	0	0	False	0	False	0.0	0	0.0	-1	0	0.694529
SNAPC4	I	False	0	0	False	0	False	0.0	0	0.0	-1	0	0.86715
MAX	I	True	0	5	False	0	False	0.0	0	0.0	1	1	0.642071
RPS15A	I	False	0	0	False	0	False	0.0	0	0.0	-1	0	0.360764
MRPL16	I	False	0	0	False	0	False	0.0	0	0.0	-1	0	0.812636
NCBP2	I	False	0	0	False	0	False	0.0	0	0.0	-1	0	0.727264
COPB2	I	False	0	0	False	0	False	0.0	0	0.0	-1	0	0.574471
MRPL28	I	False	0	0	False	0	False	0.0	0	0.0	-1	0	0.839521
SNRPD3	I	False	0	0	False	0	False	0.0	0	0.0	-1	0	0.442021
EIF3G	I	False	0	0	False	0	False	0.0	0	0.0	-1	0	0.643707
GRB2	I	False	0	0	False	0	False	0.0	0	0.0	-1	0	0.892529
DDX24	I	False	0	0	False	0	False	0.0	0	0.0	-1	0	0.494664
RPS19BP1	I	False	0	0	False	0	False	0.0	0	0.0	-1	0	0.721143
MRPL9	I	False	0	0	False	0	False	0.0	0	0.0	-1	0	0.852714
COX15	I	False	0	0	False	0	False	0.0	0	0.0	-1	0	0.708857
NUFIP1	I	False	0	0	False	0	False	0.0	0	0.0	-1	0	0.900936
USP9X	I	False	0	0	False	0	False	0.0	0	0.0	-1	0	0.94365
DCTN5	I	False	0	0	False	0	False	0.0	0	0.0	-1	0	0.863536
NOP58	I	False	0	0	False	0	False	0.0	0	0.0	-1	0	0.7357
TFDP1	IV	True	2	10	True	2	True	1.0	288	288.0	0	288	0.863114
EEF2	I	False	0	0	False	0	False	0.0	0	0.0	-1	0	0.786986
MANF	I	False	0	0	False	0	False	0.0	0	0.0	-1	0	0.9333
PELP1	I	True	3	0	False	3	True	1.0	288	288.0	1	1	0.747564
CCT8	I	False	0	0	False	0	False	0.0	0	0.0	-1	0	0.689236
LAMTOR4	I	False	0	0	False	0	False	0.0	0	0.0	-1	0	0.833286
SF3B3	I	False	0	0	False	0	False	0.0	0	0.0	-1	0	0.528414
NCBP1	I	True	1	0	False	0	False	0.0	1	1.0	-1	1	0.751743
SON	I	False	0	0	False	0	False	0.0	0	0.0	-1	0	0.495
EIF4G1	I	False	0	0	False	0	False	0.0	0	0.0	-1	0	0.695543
GRWD1	I	False	0	0	False	0	False	0.0	0	0.0	-1	0	0.941014
EMC7	I	False	0	0	False	0	False	0.0	0	0.0	-1	0	0.901421
SRF	I	True	5	25	True	2	True	0.4	288	115.8	0	288	0.957443
CUL1	I	False	0	0	False	0	False	0.0	0	0.0	-1	0	0.854457
TOMM20	I	False	0	0	False	0	False	0.0	0	0.0	-1	0	0.867786
NDUFS3	I	False	0	0	False	0	False	0.0	0	0.0	-1	0	0.838064
METAP2	I	True	1	0	False	0	False	0.0	1	1.0	-1	1	0.869014
BYSL	I	False	0	0	False	0	False	0.0	0	0.0	-1	0	0.784714
OGFOD1	I	False	0	0	False	0	False	0.0	0	0.0	-1	0	0.866243
PRPF18	I	False	0	0	False	0	False	0.0	0	0.0	-1	0	0.628264
DICER1	I	True	2	0	False	2	True	1.0	288	288.0	1	1	0.839871
SNAPC1	I	True	2	0	False	2	True	1.0	288	288.0	1	1	0.711486
GTF3C4	I	False	0	0	False	0	False	0.0	0	0.0	-1	0	0.911364
CENPC	I	False	0	0	False	0	False	0.0	0	0.0	-1	0	0.71765
COX17	I	False	0	0	False	0	False	0.0	0	0.0	-1	0	0.774414
TIPIN	I	False	0	0	False	0	False	0.0	0	0.0	-1	0	0.874921
HGS	I	False	0	0	False	0	False	0.0	0	0.0	-1	0	0.623764
PPA2	I	False	0	0	False	0	False	0.0	0	0.0	-1	0	0.959386
ERCC3	I	False	0	0	False	0	False	0.0	0	0.0	-1	0	0.790171
SMARCB1	V	True	1	2	False	1	True	1.0	288	288.0	1	1	0.943193
TSFM	I	False	0	0	False	0	False	0.0	0	0.0	-1	0	0.86585
MRPS14	I	False	0	0	False	0	False	0.0	0	0.0	-1	0	0.719193
MRPL10	I	False	0	0	False	0	False	0.0	0	0.0	-1	0	0.733493
AHCTF1	I	False	0	0	False	0	False	0.0	0	0.0	-1	0	0.83385
CTR9	I	False	0	0	False	0	False	0.0	0	0.0	-1	0	0.644821
HMGA1	II	True	3	17	True	3	True	1.0	288	288.0	0	288	0.875764
RUVBL1	I	True	0	1	False	0	False	0.0	0	0.0	1	1	0.711979
PPP4C	I	False	0	0	False	0	False	0.0	0	0.0	-1	0	0.804221
MRPS34	I	False	0	0	False	0	False	0.0	0	0.0	-1	0	0.7386
TRA2B	I	False	0	0	False	0	False	0.0	0	0.0	-1	0	0.781121
GGPS1	I	True	1	0	False	1	True	1.0	288	288.0	1	1	0.973964
ATP6V1H	I	False	0	0	False	0	False	0.0	0	0.0	-1	0	0.780486
ELP2	I	False	0	0	False	0	False	0.0	0	0.0	-1	0	0.94005
PSTK	I	False	0	0	False	0	False	0.0	0	0.0	-1	0	0.896007
SSU72	I	False	0	0	False	0	False	0.0	0	0.0	-1	0	0.674836
TAF1D	I	False	0	0	False	0	False	0.0	0	0.0	-1	0	0.814121
RBM25	I	False	0	0	False	0	False	0.0	0	0.0	-1	0	0.721921
NAA50	I	False	0	0	False	0	False	0.0	0	0.0	-1	0	0.863293
TRAPPC8	I	False	0	0	False	0	False	0.0	0	0.0	-1	0	0.828029
SPATA5L1	I	False	0	0	False	0	False	0.0	0	0.0	-1	0	0.853393
CWF19L2	I	False	0	0	False	0	False	0.0	0	0.0	-1	0	0.684043
NFATC2IP	I	False	0	0	False	0	False	0.0	0	0.0	-1	0	0.9314
USPL1	I	False	0	0	False	0	False	0.0	0	0.0	-1	0	0.861264
GNL3L	I	False	0	0	False	0	False	0.0	0	0.0	-1	0	0.726421
ACTR6	I	False	0	0	False	0	False	0.0	0	0.0	-1	0	0.9603
RPS3	I	False	0	0	False	0	False	0.0	0	0.0	-1	0	0.395764
EDC4	I	False	0	0	False	0	False	0.0	0	0.0	-1	0	0.931664
CEP192	I	False	0	0	False	0	False	0.0	0	0.0	-1	0	0.678771
RAB6A	I	False	0	0	False	0	False	0.0	0	0.0	-1	0	0.919236
NUP35	I	False	0	0	False	0	False	0.0	0	0.0	-1	0	0.908679
EIF3A	I	False	0	0	False	0	False	0.0	0	0.0	-1	0	0.548629
SRSF10	I	False	0	0	False	0	False	0.0	0	0.0	-1	0	0.813714
GPKOW	I	False	0	0	False	0	False	0.0	0	0.0	-1	0	0.753264
WDR5	I	True	1	1	True	1	True	1.0	288	288.0	0	288	0.917521
RAD51D	I	False	0	0	False	0	False	0.0	0	0.0	-1	0	0.892057
YEATS4	I	True	0	1	False	0	False	0.0	0	0.0	1	1	0.9557
DCTN3	I	False	0	0	False	0	False	0.0	0	0.0	-1	0	0.891007
MRPS31	I	False	0	0	False	0	False	0.0	0	0.0	-1	0	0.798993
LSM7	I	False	0	0	False	0	False	0.0	0	0.0	-1	0	0.623779
RARS2	I	False	0	0	False	0	False	0.0	0	0.0	-1	0	0.737721
KRT8	I	False	0	0	False	0	False	0.0	0	0.0	-1	0	0.942543
ORC3	I	False	0	0	False	0	False	0.0	0	0.0	-1	0	0.913171
RTTN	I	False	0	0	False	0	False	0.0	0	0.0	-1	0	0.868657
SRP19	I	False	0	0	False	0	False	0.0	0	0.0	-1	0	0.838929
MRPL27	I	False	0	0	False	0	False	0.0	0	0.0	-1	0	0.699564
EXOSC4	I	False	0	0	False	0	False	0.0	0	0.0	-1	0	0.6997
AIFM1	I	False	0	0	False	0	False	0.0	0	0.0	-1	0	0.965929
ALG14	I	False	0	0	False	0	False	0.0	0	0.0	-1	0	0.941871
PET117	I	False	0	0	False	0	False	0.0	0	0.0	-1	0	0.955621
SFPQ	I	True	0	6	False	0	False	0.0	0	0.0	1	1	0.628421
XRCC1	I	True	2	0	False	1	True	0.5	288	144.5	1	1	0.883757
ILF2	I	True	0	3	False	0	False	0.0	0	0.0	-1	1	0.943757
DHDDS	I	False	0	0	False	0	False	0.0	0	0.0	-1	0	0.775271
NUMA1	I	False	0	0	False	0	False	0.0	0	0.0	-1	0	0.703779
ARGLU1	I	False	0	0	False	0	False	0.0	0	0.0	-1	0	0.889371
UBE2N	I	False	0	0	False	0	False	0.0	0	0.0	-1	0	0.87485
OSTC	I	False	0	0	False	0	False	0.0	0	0.0	-1	0	0.962
VARS2	I	False	0	0	False	0	False	0.0	0	0.0	-1	0	0.861657
MIOS	I	False	0	0	False	0	False	0.0	0	0.0	-1	0	0.777886
METTL1	I	False	0	0	False	0	False	0.0	0	0.0	-1	0	0.913521
SRP9	I	False	0	0	False	0	False	0.0	0	0.0	-1	0	0.858093
TBCA	I	False	0	0	False	0	False	0.0	0	0.0	-1	0	0.852829
MOCS3	I	False	0	0	False	0	False	0.0	0	0.0	-1	0	0.972179
PSMD11	I	True	1	0	False	0	False	0.0	1	1.0	-1	1	0.603371
CHEK1	I	True	4	0	False	4	True	1.0	288	288.0	1	1	0.745429
CXXC1	I	False	0	0	False	0	False	0.0	0	0.0	-1	0	0.75375
