gene	circuit_class	co_in_degree	co_out_degree	co_betweenness	co_pagerank	co_in_feedback	co_scc_size	co_n_2cycles	co_n_3cycles	co_total_cycles	in_co_grn	trrust_in_degree	trrust_out_degree	trrust_total_degree	trrust_betweenness	trrust_pagerank	trrust_in_feedback	trrust_scc_size	trrust_n_2cycles	trrust_n_3cycles	trrust_has_self_loop	in_trrust	mean_blind_pearson	n_methods
HMGN2	I	0.0	54.0	0.0	6.918e-05	False	1.0	0.0	0.0	0.0	True	0	0	0	0.0	0.0	False	0	0	0	False	False	0.9247785714285716	14
CEP192	I										False	0	0	0	0.0	0.0	False	0	0	0	False	False	0.6787714285714287	14
EXOSC3	I										False	0	0	0	0.0	0.0	False	0	0	0	False	False	0.7520214285714285	14
POLA2	I										False	0	0	0	0.0	0.0	False	0	0	0	False	False	0.5557357142857143	14
GEMIN4	I										False	0	0	0	0.0	0.0	False	0	0	0	False	False	0.8872214285714284	14
EIF2B1	I										False	0	0	0	0.0	0.0	False	0	0	0	False	False	0.5981285714285715	14
TAF7	I	0.0	45.0	0.0	6.918e-05	False	1.0	0.0	0.0	0.0	True	2	0	2	0.0	0.00027368	False	1	0	0	False	True	0.7273285714285714	14
HSPA9	I	0.0	34.0	0.0	6.918e-05	False	1.0	0.0	0.0	0.0	True	0	0	0	0.0	0.0	False	0	0	0	False	False	0.4145642857142858	14
IPO7	I										False	2	0	2	0.0	0.00030678	False	1	0	0	False	True	0.9123285714285715	14
MRPL10	I										False	0	0	0	0.0	0.0	False	0	0	0	False	False	0.7334928571428573	14
TSFM	I										False	0	0	0	0.0	0.0	False	0	0	0	False	False	0.8658500000000001	14
PSMD11	I										False	1	0	1	0.0	0.00031089	False	1	0	0	False	True	0.6033714285714284	14
NAA50	I										False	0	0	0	0.0	0.0	False	0	0	0	False	False	0.8632928571428572	14
FARSA	I										False	0	0	0	0.0	0.0	False	0	0	0	False	False	0.5943857142857144	14
NSMCE2	I										False	0	0	0	0.0	0.0	False	0	0	0	False	False	0.9143071428571429	14
PSTK	I										False	0	0	0	0.0	0.0	False	0	0	0	False	False	0.896007142857143	14
MRPL39	I										False	0	0	0	0.0	0.0	False	0	0	0	False	False	0.7353642857142857	14
OSTC	I										False	0	0	0	0.0	0.0	False	0	0	0	False	False	0.962	14
BORA	I										False	0	0	0	0.0	0.0	False	0	0	0	False	False	0.8391642857142857	14
MCM10	I	0.0	28.0	0.0	6.918e-05	False	1.0	0.0	0.0	0.0	True	2	0	2	0.0	0.00029988	False	1	0	0	False	True	0.6633071428571429	14
NUTF2	I										False	0	0	0	0.0	0.0	False	0	0	0	False	False	0.7529357142857143	14
SLC39A9	I										False	0	0	0	0.0	0.0	False	0	0	0	False	False	0.7538642857142858	14
CNOT2	I										False	0	0	0	0.0	0.0	False	0	0	0	False	False	0.769442857142857	14
ARMC6	I										False	0	0	0	0.0	0.0	False	0	0	0	False	False	0.9580214285714285	14
MRPS21	I										False	0	0	0	0.0	0.0	False	0	0	0	False	False	0.6745071428571431	14
PLRG1	I										False	1	0	1	0.0	0.00049341	False	1	0	0	False	True	0.6351857142857142	14
SNRPD3	I										False	0	0	0	0.0	0.0	False	0	0	0	False	False	0.44202142857142857	14
COG6	I										False	0	0	0	0.0	0.0	False	0	0	0	False	False	0.9250714285714287	14
MRPL27	I										False	0	0	0	0.0	0.0	False	0	0	0	False	False	0.6995642857142857	14
RBMX	I										False	0	8	8	0.0	0.00026669	False	1	0	0	False	True	0.7162428571428572	14
BRCA1	II	729.0	49.0	0.00045076	0.00651265	True	157.0	24.0	36.0	60.0	True	36	57	93	0.00871995	0.00180453	True	288	4	12	False	True	0.8550857142857143	14
LSG1	I										False	0	0	0	0.0	0.0	False	0	0	0	False	False	0.7939785714285718	14
LSM10	I										False	0	0	0	0.0	0.0	False	0	0	0	False	False	0.8996285714285713	14
PSMC4	I										False	0	0	0	0.0	0.0	False	0	0	0	False	False	0.4300357142857143	14
RPAP2	I										False	0	0	0	0.0	0.0	False	0	0	0	False	False	0.6778857142857142	14
MRPL33	I										False	0	0	0	0.0	0.0	False	0	0	0	False	False	0.7273999999999999	14
GMPS	I										False	2	0	2	0.0	0.00054314	False	1	0	0	False	True	0.8302571428571427	14
PFDN6	I										False	0	0	0	0.0	0.0	False	0	0	0	False	False	0.9079428571428573	14
WDR82	V										False	0	0	0	0.0	0.0	False	0	0	0	False	False	0.6339214285714286	14
GFM1	I										False	0	0	0	0.0	0.0	False	0	0	0	False	False	0.6685214285714284	14
CHMP5	I	0.0	35.0	0.0	6.918e-05	False	1.0	0.0	0.0	0.0	True	0	0	0	0.0	0.0	False	0	0	0	False	False	0.9230857142857143	14
MIOS	I										False	0	0	0	0.0	0.0	False	0	0	0	False	False	0.7778857142857142	14
REXO2	I										False	0	0	0	0.0	0.0	False	0	0	0	False	False	0.9185571428571428	14
NDUFAB1	I										False	0	0	0	0.0	0.0	False	0	0	0	False	False	0.76785	14
TOMM20	I										False	0	0	0	0.0	0.0	False	0	0	0	False	False	0.8677857142857144	14
RNGTT	I										False	0	0	0	0.0	0.0	False	0	0	0	False	False	0.8231928571428571	14
PPIL4	I										False	0	0	0	0.0	0.0	False	0	0	0	False	False	0.8143	14
KDM2A	I										False	2	3	5	0.00030962	0.00027405	True	288	0	0	False	True	0.9509428571428572	14
CENPN	I										False	0	0	0	0.0	0.0	False	0	0	0	False	False	0.8513428571428571	14
PARS2	I										False	0	0	0	0.0	0.0	False	0	0	0	False	False	0.89745	14
RPLP0	I										False	1	0	1	0.0	0.00027433	False	1	0	0	False	True	0.4681928571428572	14
SERBP1	I										False	2	0	2	0.0	0.00030796	False	1	0	0	False	True	0.9334214285714285	14
RPS29	I										False	0	0	0	0.0	0.0	False	0	0	0	False	False	0.37420714285714285	14
UBQLN4	I										False	0	0	0	0.0	0.0	False	0	0	0	False	False	0.8212857142857143	14
ILF3	I										False	1	7	8	6.1e-07	0.00034226	False	1	0	0	False	True	0.8787857142857144	14
BYSL	I										False	0	0	0	0.0	0.0	False	0	0	0	False	False	0.7847142857142856	14
PDCD2	I										False	1	0	1	0.0	0.00031933	False	1	0	0	False	True	0.8485714285714286	14
SRSF6	I										False	0	0	0	0.0	0.0	False	0	0	0	False	False	0.9294785714285715	14
CPSF1	I										False	0	0	0	0.0	0.0	False	0	0	0	False	False	0.8606714285714288	14
NOP58	I										False	0	0	0	0.0	0.0	False	0	0	0	False	False	0.7356999999999999	14
POLA1	I	0.0	39.0	0.0	6.918e-05	False	1.0	0.0	0.0	0.0	True	0	0	0	0.0	0.0	False	0	0	0	False	False	0.5415428571428571	14
DCTN2	I										False	0	0	0	0.0	0.0	False	0	0	0	False	False	0.8838642857142857	14
TRRAP	I										False	0	2	2	0.0	0.00026669	False	1	0	0	False	True	0.5795714285714286	14
LSM3	I										False	0	0	0	0.0	0.0	False	0	0	0	False	False	0.6691	14
GTF3C2	I										False	1	0	1	0.0	0.00027508	False	1	0	0	False	True	0.8922928571428571	14
URB2	I										False	0	0	0	0.0	0.0	False	0	0	0	False	False	0.7155785714285716	14
SNAPC1	I										False	2	0	2	0.0	0.00027507	False	1	0	0	False	True	0.7114857142857142	14
TSR2	I										False	0	0	0	0.0	0.0	False	0	0	0	False	False	0.7155571428571429	14
CPOX	I										False	0	0	0	0.0	0.0	False	0	0	0	False	False	0.9742071428571428	14
EIF2B4	I										False	0	0	0	0.0	0.0	False	0	0	0	False	False	0.42878571428571427	14
EXOC1	I										False	0	0	0	0.0	0.0	False	0	0	0	False	False	0.91625	14
RPN2	I										False	0	0	0	0.0	0.0	False	0	0	0	False	False	0.9603142857142857	14
HMGCR	I	0.0	30.0	0.0	6.918e-05	False	1.0	0.0	0.0	0.0	True	1	0	1	0.0	0.00027837	False	1	0	0	False	True	0.8787928571428572	14
PRPF6	I										False	0	0	0	0.0	0.0	False	0	0	0	False	False	0.5371	14
RBM4	I										False	0	0	0	0.0	0.0	False	0	0	0	False	False	0.7839785714285714	14
NUBP1	I										False	0	0	0	0.0	0.0	False	0	0	0	False	False	0.764307142857143	14
EEF2	I										False	0	0	0	0.0	0.0	False	0	0	0	False	False	0.7869857142857143	14
RNF40	I	0.0	46.0	0.0	6.918e-05	False	1.0	0.0	0.0	0.0	True	0	0	0	0.0	0.0	False	0	0	0	False	False	0.7928571428571428	14
UBE2M	I	0.0	54.0	0.0	6.918e-05	False	1.0	0.0	0.0	0.0	True	0	0	0	0.0	0.0	False	0	0	0	False	False	0.9168357142857142	14
PPP1R8	I										False	0	0	0	0.0	0.0	False	0	0	0	False	False	0.8863214285714287	14
DNAJA3	I										False	0	0	0	0.0	0.0	False	0	0	0	False	False	0.6922	14
RNMT	I	0.0	49.0	0.0	6.918e-05	False	1.0	0.0	0.0	0.0	True	0	0	0	0.0	0.0	False	0	0	0	False	False	0.8801714285714286	14
WDR33	I										False	0	0	0	0.0	0.0	False	0	0	0	False	False	0.7486500000000001	14
USP9X	I	0.0	63.0	0.0	6.918e-05	False	1.0	0.0	0.0	0.0	True	0	0	0	0.0	0.0	False	0	0	0	False	False	0.9436500000000001	14
TERF1	I										False	1	0	1	0.0	0.00028434	False	1	0	0	False	True	0.9802214285714286	14
CENPE	I	0.0	39.0	0.0	6.918e-05	False	1.0	0.0	0.0	0.0	True	0	0	0	0.0	0.0	False	0	0	0	False	False	0.7336714285714285	14
TINF2	I										False	1	0	1	0.0	0.00026858	False	1	0	0	False	True	0.8626642857142858	14
LSM7	I										False	0	0	0	0.0	0.0	False	0	0	0	False	False	0.6237785714285714	14
MNAT1	I										False	2	0	2	0.0	0.00028581	False	1	0	0	False	True	0.74735	14
MRPL41	I										False	0	0	0	0.0	0.0	False	0	0	0	False	False	0.8081357142857143	14
NRBP1	I	0.0	48.0	0.0	6.918e-05	False	1.0	0.0	0.0	0.0	True	0	0	0	0.0	0.0	False	0	0	0	False	False	0.8189428571428572	14
EIF1AX	I	0.0	53.0	0.0	6.918e-05	False	1.0	0.0	0.0	0.0	True	0	0	0	0.0	0.0	False	0	0	0	False	False	0.668442857142857	14
DHX8	I										False	0	0	0	0.0	0.0	False	0	0	0	False	False	0.6564428571428572	14
TUBD1	I										False	0	0	0	0.0	0.0	False	0	0	0	False	False	0.93075	14
C19orf25	I										False	0	0	0	0.0	0.0	False	0	0	0	False	False	0.9048571428571429	14
USP37	I	0.0	50.0	0.0	6.918e-05	False	1.0	0.0	0.0	0.0	True	0	0	0	0.0	0.0	False	0	0	0	False	False	0.8734357142857144	14
NAGLU	I										False	0	0	0	0.0	0.0	False	0	0	0	False	False	0.9093071428571429	14
ACTB	I	0.0	48.0	0.0	6.918e-05	False	1.0	0.0	0.0	0.0	True	0	0	0	0.0	0.0	False	0	0	0	False	False	0.8360857142857142	14
UROD	I	0.0	21.0	0.0	6.918e-05	False	1.0	0.0	0.0	0.0	True	0	0	0	0.0	0.0	False	0	0	0	False	False	0.9322571428571429	14
TEX10	I										False	0	0	0	0.0	0.0	False	0	0	0	False	False	0.6820071428571428	14
RBX1	I										False	0	0	0	0.0	0.0	False	0	0	0	False	False	0.8110642857142855	14
DHX37	I										False	0	0	0	0.0	0.0	False	0	0	0	False	False	0.7110285714285715	14
CNOT3	I										False	0	0	0	0.0	0.0	False	0	0	0	False	False	0.7237214285714286	14
SLC25A3	I										False	0	0	0	0.0	0.0	False	0	0	0	False	False	0.92425	14
SF3B3	I										False	0	0	0	0.0	0.0	False	0	0	0	False	False	0.5284142857142856	14
COX7C	I										False	1	0	1	0.0	0.00027018	False	1	0	0	False	True	0.7467642857142858	14
BCL2L1	I	0.0	70.0	0.0	6.918e-05	False	1.0	0.0	0.0	0.0	True	16	0	16	0.0	0.00056001	False	1	0	0	False	True	0.94635	14
DICER1	I										False	2	0	2	0.0	0.00030816	False	1	0	0	False	True	0.8398714285714286	14
SNRPD1	I										False	0	0	0	0.0	0.0	False	0	0	0	False	False	0.4258357142857143	14
TBCC	I										False	0	0	0	0.0	0.0	False	0	0	0	False	False	0.9545071428571427	14
SRP14	I										False	0	0	0	0.0	0.0	False	0	0	0	False	False	0.9371928571428573	14
WDR18	I										False	0	0	0	0.0	0.0	False	0	0	0	False	False	0.93065	14
SNRNP25	I										False	0	0	0	0.0	0.0	False	0	0	0	False	False	0.796464285714286	14
MEPCE	I										False	0	0	0	0.0	0.0	False	0	0	0	False	False	0.9753285714285714	14
CDC6	I	0.0	30.0	0.0	6.918e-05	False	1.0	0.0	0.0	0.0	True	7	0	7	0.0	0.00042381	False	1	0	0	False	True	0.5788214285714286	14
IPO13	I										False	1	0	1	0.0	0.00027929	False	1	0	0	False	True	0.8687214285714286	14
POLR2H	I										False	0	0	0	0.0	0.0	False	0	0	0	False	False	0.5759071428571428	14
GRB2	I	0.0	26.0	0.0	6.918e-05	False	1.0	0.0	0.0	0.0	True	0	0	0	0.0	0.0	False	0	0	0	False	False	0.8925285714285713	14
HDAC7	IV										False	4	13	17	0.0005316	0.00036896	True	288	1	3	False	True	0.7149428571428571	14
PPP1CA	I										False	0	0	0	0.0	0.0	False	0	0	0	False	False	0.8551000000000001	14
COASY	I										False	0	0	0	0.0	0.0	False	0	0	0	False	False	0.9596499999999999	14
ESPL1	I										False	0	0	0	0.0	0.0	False	0	0	0	False	False	0.8108428571428572	14
MARS2	I										False	0	0	0	0.0	0.0	False	0	0	0	False	False	0.8892714285714286	14
NUP107	I										False	0	0	0	0.0	0.0	False	0	0	0	False	False	0.5514285714285715	14
GTF2F2	I										False	0	0	0	0.0	0.0	False	0	0	0	False	False	0.7757428571428572	14
CBX1	V	0.0	46.0	0.0	6.918e-05	False	1.0	0.0	0.0	0.0	True	0	0	0	0.0	0.0	False	0	0	0	False	False	0.9286357142857142	14
RPL14	I	0.0	30.0	0.0	6.918e-05	False	1.0	0.0	0.0	0.0	True	0	0	0	0.0	0.0	False	0	0	0	False	False	0.33279999999999993	14
GTF2H1	I										False	0	0	0	0.0	0.0	False	0	0	0	False	False	0.5419714285714287	14
ERCC3	I										False	0	0	0	0.0	0.0	False	0	0	0	False	False	0.7901714285714286	14
ACTR8	I										False	0	0	0	0.0	0.0	False	0	0	0	False	False	0.8171642857142858	14
CAMLG	I										False	0	0	0	0.0	0.0	False	0	0	0	False	False	0.8593285714285714	14
POLE	I	0.0	44.0	0.0	6.918e-05	False	1.0	0.0	0.0	0.0	True	0	0	0	0.0	0.0	False	0	0	0	False	False	0.5392428571428571	14
ANAPC1	I										False	0	0	0	0.0	0.0	False	0	0	0	False	False	0.8624928571428571	14
CLK2	I										False	0	0	0	0.0	0.0	False	0	0	0	False	False	0.9550285714285716	14
DPH3	I										False	0	0	0	0.0	0.0	False	0	0	0	False	False	0.9801285714285715	14
TRAPPC8	I	0.0	57.0	0.0	6.918e-05	False	1.0	0.0	0.0	0.0	True	0	0	0	0.0	0.0	False	0	0	0	False	False	0.8280285714285716	14
TTC27	I										False	0	0	0	0.0	0.0	False	0	0	0	False	False	0.9175642857142857	14
LIN54	I										False	1	0	1	0.0	0.0002858	False	1	0	0	False	True	0.9007714285714287	14
EIF4G2	I	0.0	54.0	0.0	6.918e-05	False	1.0	0.0	0.0	0.0	True	0	0	0	0.0	0.0	False	0	0	0	False	False	0.6952714285714287	14
CSTF3	I										False	0	0	0	0.0	0.0	False	0	0	0	False	False	0.8506714285714285	14
ANKS6	I										False	0	0	0	0.0	0.0	False	0	0	0	False	False	0.9217571428571427	14
CDC123	I										False	0	0	0	0.0	0.0	False	0	0	0	False	False	0.8137928571428572	14
SRRT	I										False	0	0	0	0.0	0.0	False	0	0	0	False	False	0.7283499999999999	14
SNRNP70	I										False	0	0	0	0.0	0.0	False	0	0	0	False	False	0.6067571428571429	14
YPEL5	I	0.0	54.0	0.0	6.918e-05	False	1.0	0.0	0.0	0.0	True	0	0	0	0.0	0.0	False	0	0	0	False	False	0.8755857142857144	14
DBF4	I	0.0	42.0	0.0	6.918e-05	False	1.0	0.0	0.0	0.0	True	3	0	3	0.0	0.00035587	False	1	0	0	False	True	0.908092857142857	14
DDX5	I										False	0	2	2	0.0	0.00026669	False	1	0	0	False	True	0.9564214285714286	14
UBE2Z	I										False	0	0	0	0.0	0.0	False	0	0	0	False	False	0.9597571428571428	14
SARS2	I										False	0	0	0	0.0	0.0	False	0	0	0	False	False	0.8387500000000001	14
EIF3G	I										False	0	0	0	0.0	0.0	False	0	0	0	False	False	0.6437071428571428	14
SEH1L	I										False	0	0	0	0.0	0.0	False	0	0	0	False	False	0.8197142857142857	14
ALG14	I										False	0	0	0	0.0	0.0	False	0	0	0	False	False	0.9418714285714287	14
FASTKD5	I										False	0	0	0	0.0	0.0	False	0	0	0	False	False	0.8476	14
DPH2	I										False	0	0	0	0.0	0.0	False	0	0	0	False	False	0.9118999999999999	14
USP5	I										False	0	0	0	0.0	0.0	False	0	0	0	False	False	0.8686428571428569	14
GON4L	I										False	0	0	0	0.0	0.0	False	0	0	0	False	False	0.8400714285714288	14
PSMG1	I										False	0	0	0	0.0	0.0	False	0	0	0	False	False	0.9458642857142857	14
CTNNBL1	I										False	0	0	0	0.0	0.0	False	0	0	0	False	False	0.8378785714285713	14
HGS	I										False	0	0	0	0.0	0.0	False	0	0	0	False	False	0.6237642857142858	14
NELFE	I										False	0	0	0	0.0	0.0	False	0	0	0	False	False	0.8636999999999999	14
C9orf78	I										False	0	0	0	0.0	0.0	False	0	0	0	False	False	0.9416785714285714	14
COPS6	I										False	0	0	0	0.0	0.0	False	0	0	0	False	False	0.7446714285714285	14
SIN3A	I	1717.0	60.0	0.00131942	0.01075936	True	157.0	96.0	144.0	240.0	True	1	2	3	0.00027828	0.00038005	False	1	0	0	False	True	0.8307071428571428	14
TAF12	I										False	2	0	2	0.0	0.00043766	False	1	0	0	False	True	0.6974142857142857	14
WDR36	I										False	0	0	0	0.0	0.0	False	0	0	0	False	False	0.6027857142857143	14
NOLC1	I	0.0	35.0	0.0	6.918e-05	False	1.0	0.0	0.0	0.0	True	3	0	3	0.0	0.00027788	False	1	0	0	False	True	0.8314857142857143	14
ATP1A1	I										False	0	0	0	0.0	0.0	False	0	0	0	False	False	0.8213785714285713	14
EXOSC8	I										False	0	0	0	0.0	0.0	False	0	0	0	False	False	0.6837428571428573	14
ALG13	I										False	0	0	0	0.0	0.0	False	0	0	0	False	False	0.9030357142857143	14
CCT5	I										False	0	0	0	0.0	0.0	False	0	0	0	False	False	0.6796142857142858	14
MED1	III										False	1	5	6	5.123e-05	0.00028873	True	288	1	3	False	True	0.4982642857142857	14
PRPF18	I										False	0	0	0	0.0	0.0	False	0	0	0	False	False	0.6282642857142856	14
XRCC5	I										False	0	3	3	0.0	0.00026669	False	1	0	0	False	True	0.8298	14
GGPS1	I										False	1	0	1	0.0	0.00027391	False	1	0	0	False	True	0.9739642857142858	14
EEF1G	I										False	0	0	0	0.0	0.0	False	0	0	0	False	False	0.7791928571428571	14
REV3L	I	0.0	47.0	0.0	6.918e-05	False	1.0	0.0	0.0	0.0	True	0	0	0	0.0	0.0	False	0	0	0	False	False	0.9286857142857142	14
UQCC2	I										False	0	0	0	0.0	0.0	False	0	0	0	False	False	0.8762642857142857	14
MED6	I										False	0	0	0	0.0	0.0	False	0	0	0	False	False	0.42615714285714285	14
POLR3H	I										False	0	0	0	0.0	0.0	False	0	0	0	False	False	0.949	14
FOXL2	I										False	0	5	5	0.0	0.00026669	False	1	0	0	False	True	0.9018428571428573	14
MRPL9	I										False	0	0	0	0.0	0.0	False	0	0	0	False	False	0.8527142857142856	14
SCNM1	I										False	0	0	0	0.0	0.0	False	0	0	0	False	False	0.9782428571428571	14
UFM1	I	0.0	32.0	0.0	6.918e-05	False	1.0	0.0	0.0	0.0	True	0	0	0	0.0	0.0	False	0	0	0	False	False	0.876792857142857	14
COX15	I										False	0	0	0	0.0	0.0	False	0	0	0	False	False	0.7088571428571431	14
POLD1	I										False	2	0	2	0.0	0.00027902	False	1	0	0	False	True	0.6120357142857141	14
MRPL19	I										False	0	0	0	0.0	0.0	False	0	0	0	False	False	0.6826928571428572	14
ZMAT5	I										False	0	0	0	0.0	0.0	False	0	0	0	False	False	0.8455928571428573	14
NBAS	I	0.0	43.0	0.0	6.918e-05	False	1.0	0.0	0.0	0.0	True	0	0	0	0.0	0.0	False	0	0	0	False	False	0.8255142857142855	14
MRPS27	I										False	0	0	0	0.0	0.0	False	0	0	0	False	False	0.7730285714285715	14
NDUFB4	I										False	0	0	0	0.0	0.0	False	0	0	0	False	False	0.8241285714285717	14
RPL5	I										False	0	0	0	0.0	0.0	False	0	0	0	False	False	0.3470642857142857	14
UTP18	I										False	0	0	0	0.0	0.0	False	0	0	0	False	False	0.7192642857142857	14
CHMP3	I										False	0	0	0	0.0	0.0	False	0	0	0	False	False	0.688742857142857	14
STRAP	I										False	0	0	0	0.0	0.0	False	0	0	0	False	False	0.8807642857142858	14
COPG1	I										False	0	0	0	0.0	0.0	False	0	0	0	False	False	0.9348428571428571	14
HBS1L	I	0.0	24.0	0.0	6.918e-05	False	1.0	0.0	0.0	0.0	True	0	0	0	0.0	0.0	False	0	0	0	False	False	0.5350285714285714	14
MRPL38	I										False	0	0	0	0.0	0.0	False	0	0	0	False	False	0.748642857142857	14
MED7	I										False	0	0	0	0.0	0.0	False	0	0	0	False	False	0.342242857142857	14
METTL3	I										False	0	0	0	0.0	0.0	False	0	0	0	False	False	0.9452999999999999	14
ERH	I										False	0	0	0	0.0	0.0	False	0	0	0	False	False	0.7222142857142856	14
TMEM258	I										False	0	0	0	0.0	0.0	False	0	0	0	False	False	0.8056285714285715	14
CUL1	I	0.0	61.0	0.0	6.918e-05	False	1.0	0.0	0.0	0.0	True	0	0	0	0.0	0.0	False	0	0	0	False	False	0.8544571428571429	14
TTC4	I										False	0	0	0	0.0	0.0	False	0	0	0	False	False	0.9576285714285715	14
UBE2D3	I										False	1	0	1	0.0	0.00032273	False	1	0	0	False	True	0.9354571428571429	14
SRP9	I										False	0	0	0	0.0	0.0	False	0	0	0	False	False	0.858092857142857	14
CTU2	I										False	0	0	0	0.0	0.0	False	0	0	0	False	False	0.9575571428571428	14
ATP2A2	I										False	5	0	5	0.0	0.00052839	False	1	0	0	False	True	0.95595	14
MRPL32	I										False	0	0	0	0.0	0.0	False	0	0	0	False	False	0.8309214285714284	14
RPS26	I										False	0	0	0	0.0	0.0	False	0	0	0	False	False	0.4854785714285715	14
PPA2	I										False	0	0	0	0.0	0.0	False	0	0	0	False	False	0.9593857142857143	14
CDC16	I										False	0	0	0	0.0	0.0	False	0	0	0	False	False	0.7340571428571429	14
MRPS12	I										False	0	0	0	0.0	0.0	False	0	0	0	False	False	0.8220571428571429	14
PAFAH1B1	I										False	0	0	0	0.0	0.0	False	0	0	0	False	False	0.7997071428571428	14
USP19	I										False	0	0	0	0.0	0.0	False	0	0	0	False	False	0.9754071428571429	14
NELFB	I										False	0	1	1	0.0	0.00026669	False	1	0	0	False	True	0.7489785714285715	14
ZNF574	I										False	0	0	0	0.0	0.0	False	0	0	0	False	False	0.8794285714285716	14
NDUFA8	I										False	0	0	0	0.0	0.0	False	0	0	0	False	False	0.8347428571428572	14
PPARGC1B	I										False	0	0	0	0.0	0.0	False	0	0	0	False	False	0.9186714285714287	14
DDOST	I										False	0	0	0	0.0	0.0	False	0	0	0	False	False	0.8603142857142856	14
POP5	I										False	0	0	0	0.0	0.0	False	0	0	0	False	False	0.7362	14
PTMA	I	0.0	48.0	0.0	6.918e-05	False	1.0	0.0	0.0	0.0	True	1	4	5	0.00011577	0.00028402	False	1	0	0	False	True	0.8573785714285715	14
SNUPN	I										False	0	0	0	0.0	0.0	False	0	0	0	False	False	0.9338714285714286	14
MAT2A	I	0.0	50.0	0.0	6.918e-05	False	1.0	0.0	0.0	0.0	True	7	0	7	0.0	0.00032264	False	1	0	0	False	True	0.8942571428571429	14
COPS4	I										False	0	0	0	0.0	0.0	False	0	0	0	False	False	0.6986642857142857	14
DCTN6	I										False	0	0	0	0.0	0.0	False	0	0	0	False	False	0.9120785714285715	14
NDUFB7	I										False	0	0	0	0.0	0.0	False	0	0	0	False	False	0.8665214285714287	14
INCENP	I	0.0	29.0	0.0	6.918e-05	False	1.0	0.0	0.0	0.0	True	0	0	0	0.0	0.0	False	0	0	0	False	False	0.8390642857142857	14
SF3B2	I										False	0	0	0	0.0	0.0	False	0	0	0	False	False	0.48092142857142856	14
VPS29	I										False	0	0	0	0.0	0.0	False	0	0	0	False	False	0.7878785714285713	14
DCTN5	I										False	0	0	0	0.0	0.0	False	0	0	0	False	False	0.8635357142857142	14
UQCRB	I										False	0	0	0	0.0	0.0	False	0	0	0	False	False	0.8469928571428572	14
TIPIN	I										False	0	0	0	0.0	0.0	False	0	0	0	False	False	0.8749214285714286	14
NUDC	I										False	0	0	0	0.0	0.0	False	0	0	0	False	False	0.8219857142857144	14
PSME1	I	0.0	46.0	0.0	6.918e-05	False	1.0	0.0	0.0	0.0	True	0	0	0	0.0	0.0	False	0	0	0	False	False	0.87385	14
KRT8	I	0.0	68.0	0.0	6.918e-05	False	1.0	0.0	0.0	0.0	True	0	0	0	0.0	0.0	False	0	0	0	False	False	0.942542857142857	14
PCNA	I	0.0	64.0	0.0	6.918e-05	False	1.0	0.0	0.0	0.0	True	17	0	17	0.0	0.00069923	False	1	0	0	False	True	0.5548	14
NDUFS3	I										False	0	0	0	0.0	0.0	False	0	0	0	False	False	0.8380642857142855	14
NCKAP1	I	0.0	17.0	0.0	6.918e-05	False	1.0	0.0	0.0	0.0	True	0	0	0	0.0	0.0	False	0	0	0	False	False	0.8313785714285713	14
ABHD17A	I										False	0	0	0	0.0	0.0	False	0	0	0	False	False	0.9489357142857143	14
UBA52	I										False	0	0	0	0.0	0.0	False	0	0	0	False	False	0.7499285714285715	14
CUL3	I	0.0	60.0	0.0	6.918e-05	False	1.0	0.0	0.0	0.0	True	0	0	0	0.0	0.0	False	0	0	0	False	False	0.9626214285714286	14
ZBTB11	I	0.0	41.0	0.0	6.918e-05	False	1.0	0.0	0.0	0.0	True	0	0	0	0.0	0.0	False	0	0	0	False	False	0.8860214285714285	14
ANAPC4	I										False	1	0	1	0.0	0.00027468	False	1	0	0	False	True	0.8054142857142856	14
RBM17	I										False	0	0	0	0.0	0.0	False	0	0	0	False	False	0.8784500000000001	14
CENPT	I										False	0	0	0	0.0	0.0	False	0	0	0	False	False	0.8808357142857144	14
DHDDS	I										False	0	0	0	0.0	0.0	False	0	0	0	False	False	0.7752714285714287	14
MRPS6	I										False	0	0	0	0.0	0.0	False	0	0	0	False	False	0.8249142857142858	14
TOP3A	I										False	3	0	3	0.0	0.00027914	False	1	0	0	False	True	0.90625	14
PRKRIP1	I										False	0	0	0	0.0	0.0	False	0	0	0	False	False	0.9561571428571429	14
TAF2	I	0.0	37.0	0.0	6.918e-05	False	1.0	0.0	0.0	0.0	True	0	0	0	0.0	0.0	False	0	0	0	False	False	0.7378785714285714	14
NAA25	I										False	0	0	0	0.0	0.0	False	0	0	0	False	False	0.7802142857142856	14
STARD7	I										False	3	0	3	0.0	0.00032482	False	1	0	0	False	True	0.9039571428571428	14
ISCA2	I										False	0	0	0	0.0	0.0	False	0	0	0	False	False	0.8052071428571429	14
CDC5L	I										False	0	1	1	0.0	0.00026669	False	1	0	0	False	True	0.5802571428571428	14
MLST8	I										False	0	0	0	0.0	0.0	False	0	0	0	False	False	0.8463642857142858	14
TIMM13	I										False	0	0	0	0.0	0.0	False	0	0	0	False	False	0.6888499999999999	14
MRPS26	I										False	0	0	0	0.0	0.0	False	0	0	0	False	False	0.8039500000000002	14
EIF3F	I										False	0	0	0	0.0	0.0	False	0	0	0	False	False	0.7725357142857143	14
CWF19L2	I										False	0	0	0	0.0	0.0	False	0	0	0	False	False	0.6840428571428572	14
HNRNPR	I										False	0	1	1	0.0	0.00026669	False	1	0	0	False	True	0.9510071428571428	14
CACTIN	I										False	0	0	0	0.0	0.0	False	0	0	0	False	False	0.7752785714285715	14
IGBP1	I										False	0	0	0	0.0	0.0	False	0	0	0	False	False	0.5805	14
COX17	I										False	0	0	0	0.0	0.0	False	0	0	0	False	False	0.7744142857142856	14
POLR2E	I										False	0	0	0	0.0	0.0	False	0	0	0	False	False	0.7309642857142856	14
NR2C2AP	I										False	0	0	0	0.0	0.0	False	0	0	0	False	False	0.9528642857142857	14
POP7	I										False	0	0	0	0.0	0.0	False	0	0	0	False	False	0.8351428571428573	14
CCT7	I										False	0	0	0	0.0	0.0	False	0	0	0	False	False	0.5776	14
THOC7	I										False	0	0	0	0.0	0.0	False	0	0	0	False	False	0.7276999999999999	14
RRM1	I										False	2	0	2	0.0	0.0003083	False	1	0	0	False	True	0.590607142857143	14
ORC3	I										False	0	0	0	0.0	0.0	False	0	0	0	False	False	0.9131714285714285	14
HAUS5	I										False	0	0	0	0.0	0.0	False	0	0	0	False	False	0.7546714285714285	14
SP2	I										False	0	9	9	0.0	0.00026669	False	1	0	0	False	True	0.9573571428571429	14
DBR1	I										False	0	0	0	0.0	0.0	False	0	0	0	False	False	0.9016214285714285	14
RARS2	I										False	0	0	0	0.0	0.0	False	0	0	0	False	False	0.7377214285714285	14
DCTN1	I										False	0	0	0	0.0	0.0	False	0	0	0	False	False	0.8205857142857141	14
BDP1	I										False	0	3	3	0.0	0.00026669	False	1	0	0	False	True	0.6520428571428571	14
UBE2H	I	0.0	51.0	0.0	6.918e-05	False	1.0	0.0	0.0	0.0	True	0	0	0	0.0	0.0	False	0	0	0	False	False	0.8982857142857145	14
CCDC86	I										False	0	0	0	0.0	0.0	False	0	0	0	False	False	0.5427785714285714	14
ZNF335	I										False	0	1	1	0.0	0.00026669	False	1	0	0	False	True	0.8933928571428572	14
EIF2B5	I										False	0	0	0	0.0	0.0	False	0	0	0	False	False	0.41117857142857145	14
COPB1	I										False	0	0	0	0.0	0.0	False	0	0	0	False	False	0.6249285714285716	14
VARS2	I										False	0	0	0	0.0	0.0	False	0	0	0	False	False	0.8616571428571428	14
ROMO1	I										False	0	0	0	0.0	0.0	False	0	0	0	False	False	0.6903214285714286	14
RPL30	I										False	0	0	0	0.0	0.0	False	0	0	0	False	False	0.3051214285714286	14
SF3A2	I										False	0	0	0	0.0	0.0	False	0	0	0	False	False	0.5934785714285715	14
DCTN3	I	0.0	48.0	0.0	6.918e-05	False	1.0	0.0	0.0	0.0	True	0	0	0	0.0	0.0	False	0	0	0	False	False	0.8910071428571429	14
NUP85	I										False	0	0	0	0.0	0.0	False	0	0	0	False	False	0.7126214285714285	14
RBBP6	I										False	0	0	0	0.0	0.0	False	0	0	0	False	False	0.7848571428571428	14
EXOSC6	I										False	0	0	0	0.0	0.0	False	0	0	0	False	False	0.7195142857142857	14
BUB1B	I	0.0	37.0	0.0	6.918e-05	False	1.0	0.0	0.0	0.0	True	1	0	1	0.0	0.00032337	False	1	0	0	False	True	0.7887214285714285	14
RNF14	I										False	0	1	1	0.0	0.00026669	False	1	0	0	False	True	0.9190571428571431	14
POLR2A	I	434.0	47.0	0.00013373	0.00323344	True	157.0	16.0	24.0	40.0	True	0	0	0	0.0	0.0	False	0	0	0	False	False	0.52935	14
GSPT1	I										False	2	0	2	0.0	0.00027768	False	1	0	0	False	True	0.5579500000000001	14
RPS9	I										False	0	0	0	0.0	0.0	False	0	0	0	False	False	0.34552142857142865	14
SNRNP200	I										False	0	0	0	0.0	0.0	False	0	0	0	False	False	0.4635500000000001	14
PPA1	I										False	0	0	0	0.0	0.0	False	0	0	0	False	False	0.8757857142857143	14
MCM5	II	0.0	40.0	0.0	6.918e-05	False	1.0	0.0	0.0	0.0	True	2	1	3	4.119e-05	0.00029364	True	288	0	0	False	True	0.7796785714285713	14
HIRA	I										False	0	1	1	0.0	0.00026669	False	1	0	0	False	True	0.9114642857142857	14
GTF2H2	I										False	0	0	0	0.0	0.0	False	0	0	0	False	False	0.8173285714285713	14
PPIL2	I										False	0	0	0	0.0	0.0	False	0	0	0	False	False	0.9421071428571429	14
SNRPG	I										False	0	0	0	0.0	0.0	False	0	0	0	False	False	0.41987857142857143	14
STIL	I	0.0	39.0	0.0	6.918e-05	False	1.0	0.0	0.0	0.0	True	0	0	0	0.0	0.0	False	0	0	0	False	False	0.8463214285714287	14
RAB6A	I										False	0	0	0	0.0	0.0	False	0	0	0	False	False	0.9192357142857143	14
TRA2B	I										False	0	0	0	0.0	0.0	False	0	0	0	False	False	0.7811214285714285	14
RPS4X	I										False	0	0	0	0.0	0.0	False	0	0	0	False	False	0.36708571428571435	14
RPS6	I	0.0	39.0	0.0	6.918e-05	False	1.0	0.0	0.0	0.0	True	0	0	0	0.0	0.0	False	0	0	0	False	False	0.3721785714285714	14
ELOVL1	I										False	0	0	0	0.0	0.0	False	0	0	0	False	False	0.9283142857142856	14
PSMD1	I										False	0	0	0	0.0	0.0	False	0	0	0	False	False	0.6966214285714285	14
MZF1	I										False	1	7	8	7.218e-05	0.0002784	False	1	0	0	False	True	0.980942857142857	14
YEATS4	I										False	0	1	1	0.0	0.00026669	False	1	0	0	False	True	0.9557	14
UNC50	I										False	0	0	0	0.0	0.0	False	0	0	0	False	False	0.9197214285714287	14
SNRNP48	I	0.0	36.0	0.0	6.918e-05	False	1.0	0.0	0.0	0.0	True	0	0	0	0.0	0.0	False	0	0	0	False	False	0.6859499999999998	14
RPLP1	I										False	0	0	0	0.0	0.0	False	0	0	0	False	False	0.6954142857142857	14
GTF3A	I										False	0	5	5	0.0	0.00026669	False	1	0	0	False	True	0.8819999999999999	14
NUP98	I										False	0	0	0	0.0	0.0	False	0	0	0	False	False	0.5445285714285716	14
BNIP1	I										False	0	0	0	0.0	0.0	False	0	0	0	False	False	0.7831357142857142	14
TCERG1	I										False	1	0	1	0.0	0.0002873	False	1	0	0	False	True	0.8327142857142856	14
GOSR2	I										False	0	0	0	0.0	0.0	False	0	0	0	False	False	0.9182071428571429	14
COPS3	I										False	0	0	0	0.0	0.0	False	0	0	0	False	False	0.7878214285714286	14
DSN1	I										False	0	0	0	0.0	0.0	False	0	0	0	False	False	0.5743785714285714	14
UTP20	I	0.0	47.0	0.0	6.918e-05	False	1.0	0.0	0.0	0.0	True	0	0	0	0.0	0.0	False	0	0	0	False	False	0.6616071428571428	14
TRIAP1	I										False	0	0	0	0.0	0.0	False	0	0	0	False	False	0.8653142857142856	14
PGAM1	I										False	0	0	0	0.0	0.0	False	0	0	0	False	False	0.8169785714285714	14
DDX55	I										False	0	0	0	0.0	0.0	False	0	0	0	False	False	0.7101285714285714	14
IMPDH2	I										False	4	0	4	0.0	0.00028948	False	1	0	0	False	True	0.8133214285714285	14
GABPA	I	1909.0	42.0	0.00061228	0.01434852	True	157.0	78.0	117.0	195.0	True	2	5	7	6.242e-05	0.00028297	False	1	0	0	False	True	0.8763785714285713	14
RTEL1	I										False	0	0	0	0.0	0.0	False	0	0	0	False	False	0.9023071428571428	14
HSCB	I										False	0	0	0	0.0	0.0	False	0	0	0	False	False	0.8313285714285713	14
HSPA5	I	0.0	43.0	0.0	6.918e-05	False	1.0	0.0	0.0	0.0	True	10	0	10	0.0	0.00046929	False	1	0	0	False	True	0.5459785714285714	14
VMP1	I	0.0	22.0	0.0	6.918e-05	False	1.0	0.0	0.0	0.0	True	1	0	1	0.0	0.00034226	False	1	0	0	False	True	0.8638142857142859	14
RUVBL1	I										False	0	1	1	0.0	0.00026669	False	1	0	0	False	True	0.7119785714285715	14
RBBP8	I	0.0	34.0	0.0	6.918e-05	False	1.0	0.0	0.0	0.0	True	2	0	2	0.0	0.0003341	False	1	0	0	False	True	0.8201571428571428	14
ORC1	I	0.0	13.0	0.0	6.918e-05	False	1.0	0.0	0.0	0.0	True	0	0	0	0.0	0.0	False	0	0	0	False	False	0.6362428571428571	14
TSEN34	I										False	0	0	0	0.0	0.0	False	0	0	0	False	False	0.8813285714285716	14
PSMB1	I										False	0	0	0	0.0	0.0	False	0	0	0	False	False	0.5837714285714285	14
PHAX	I										False	0	0	0	0.0	0.0	False	0	0	0	False	False	0.6331857142857142	14
ACTR2	I	0.0	27.0	0.0	6.918e-05	False	1.0	0.0	0.0	0.0	True	0	0	0	0.0	0.0	False	0	0	0	False	False	0.9119142857142857	14
TFDP1	IV										False	2	10	12	3.86e-05	0.00033795	True	288	0	0	False	True	0.8631142857142857	14
WDHD1	I	0.0	43.0	0.0	6.918e-05	False	1.0	0.0	0.0	0.0	True	0	0	0	0.0	0.0	False	0	0	0	False	False	0.8188071428571428	14
CSTF1	I										False	0	0	0	0.0	0.0	False	0	0	0	False	False	0.7301285714285715	14
CHEK1	I										False	4	0	4	0.0	0.00037229	False	1	0	0	False	True	0.7454285714285716	14
PAF1	I										False	0	0	0	0.0	0.0	False	0	0	0	False	False	0.6515571428571428	14
SLU7	I	0.0	46.0	0.0	6.918e-05	False	1.0	0.0	0.0	0.0	True	0	0	0	0.0	0.0	False	0	0	0	False	False	0.6117214285714285	14
NUP133	I										False	0	0	0	0.0	0.0	False	0	0	0	False	False	0.7715428571428572	14
RPL36A	I										False	0	0	0	0.0	0.0	False	0	0	0	False	False	0.6983857142857142	14
RHOQ	I	0.0	29.0	0.0	6.918e-05	False	1.0	0.0	0.0	0.0	True	0	0	0	0.0	0.0	False	0	0	0	False	False	0.9516499999999999	14
SMC4	I	0.0	41.0	0.0	6.918e-05	False	1.0	0.0	0.0	0.0	True	0	0	0	0.0	0.0	False	0	0	0	False	False	0.6955214285714286	14
SPATA5	I	0.0	35.0	0.0	6.918e-05	False	1.0	0.0	0.0	0.0	True	0	0	0	0.0	0.0	False	0	0	0	False	False	0.9603999999999999	14
TXNL4B	I										False	0	0	0	0.0	0.0	False	0	0	0	False	False	0.9431571428571429	14
PSME2	I										False	0	0	0	0.0	0.0	False	0	0	0	False	False	0.9450500000000001	14
TXN	I										False	3	0	3	0.0	0.0003317	False	1	0	0	False	True	0.7858999999999999	14
LRR1	I										False	0	0	0	0.0	0.0	False	0	0	0	False	False	0.890457142857143	14
PIAS4	I										False	0	2	2	0.0	0.00026669	False	1	0	0	False	True	0.6745928571428571	14
NPEPPS	I										False	0	0	0	0.0	0.0	False	0	0	0	False	False	0.9445928571428572	14
SUGP1	I										False	0	1	1	0.0	0.00026669	False	1	0	0	False	True	0.9154428571428571	14
GRPEL1	I	0.0	48.0	0.0	6.918e-05	False	1.0	0.0	0.0	0.0	True	0	0	0	0.0	0.0	False	0	0	0	False	False	0.5588142857142857	14
RACGAP1	I	0.0	33.0	0.0	6.918e-05	False	1.0	0.0	0.0	0.0	True	2	0	2	0.0	0.00032748	False	1	0	0	False	True	0.7151714285714286	14
SMUG1	I										False	1	0	1	0.0	0.00027508	False	1	0	0	False	True	0.8786714285714285	14
PRPF19	I										False	0	0	0	0.0	0.0	False	0	0	0	False	False	0.6375000000000001	14
NLE1	I										False	0	0	0	0.0	0.0	False	0	0	0	False	False	0.5079	14
SDHAF2	I										False	0	0	0	0.0	0.0	False	0	0	0	False	False	0.9734999999999999	14
SKA1	I	0.0	27.0	0.0	6.918e-05	False	1.0	0.0	0.0	0.0	True	0	0	0	0.0	0.0	False	0	0	0	False	False	0.9015428571428571	14
FTSJ3	I										False	0	0	0	0.0	0.0	False	0	0	0	False	False	0.6907500000000001	14
TRPM7	I										False	0	0	0	0.0	0.0	False	0	0	0	False	False	0.7419357142857143	14
NHLRC2	I	0.0	37.0	0.0	6.918e-05	False	1.0	0.0	0.0	0.0	True	0	0	0	0.0	0.0	False	0	0	0	False	False	0.9457857142857142	14
RTTN	I	0.0	30.0	0.0	6.918e-05	False	1.0	0.0	0.0	0.0	True	0	0	0	0.0	0.0	False	0	0	0	False	False	0.8686571428571428	14
DDX24	I										False	0	0	0	0.0	0.0	False	0	0	0	False	False	0.4946642857142857	14
MVK	I										False	0	0	0	0.0	0.0	False	0	0	0	False	False	0.9326428571428572	14
MRPS24	I										False	0	0	0	0.0	0.0	False	0	0	0	False	False	0.7730785714285714	14
CSE1L	I										False	0	0	0	0.0	0.0	False	0	0	0	False	False	0.619642857142857	14
IARS2	I										False	0	0	0	0.0	0.0	False	0	0	0	False	False	0.6416428571428572	14
PRPF4	I										False	0	0	0	0.0	0.0	False	0	0	0	False	False	0.5462357142857143	14
GLRX5	I										False	0	0	0	0.0	0.0	False	0	0	0	False	False	0.9000000000000001	14
KPNA6	I										False	0	0	0	0.0	0.0	False	0	0	0	False	False	0.8905	14
RPS15A	I										False	0	0	0	0.0	0.0	False	0	0	0	False	False	0.36076428571428565	14
EIF2B3	I										False	0	0	0	0.0	0.0	False	0	0	0	False	False	0.51455	14
PIGH	I										False	0	0	0	0.0	0.0	False	0	0	0	False	False	0.9536214285714285	14
FNTA	I										False	0	0	0	0.0	0.0	False	0	0	0	False	False	0.8266428571428571	14
TBCA	I										False	0	0	0	0.0	0.0	False	0	0	0	False	False	0.8528285714285714	14
CCNH	I										False	0	0	0	0.0	0.0	False	0	0	0	False	False	0.7119000000000001	14
PPIH	I										False	0	0	0	0.0	0.0	False	0	0	0	False	False	0.7746142857142858	14
SON	I										False	0	0	0	0.0	0.0	False	0	0	0	False	False	0.49499999999999994	14
RPE	I										False	0	0	0	0.0	0.0	False	0	0	0	False	False	0.9547999999999998	14
SLC39A7	I										False	0	0	0	0.0	0.0	False	0	0	0	False	False	0.9224571428571428	14
UBAP1	I										False	0	0	0	0.0	0.0	False	0	0	0	False	False	0.6251	14
UTP15	I										False	0	0	0	0.0	0.0	False	0	0	0	False	False	0.5329714285714285	14
NFS1	I										False	0	0	0	0.0	0.0	False	0	0	0	False	False	0.7591857142857144	14
RSL1D1	I										False	0	0	0	0.0	0.0	False	0	0	0	False	False	0.6751928571428573	14
PNISR	I	0.0	32.0	0.0	6.918e-05	False	1.0	0.0	0.0	0.0	True	0	0	0	0.0	0.0	False	0	0	0	False	False	0.8702500000000001	14
N6AMT1	I										False	0	0	0	0.0	0.0	False	0	0	0	False	False	0.9832714285714286	14
RBM25	I										False	0	0	0	0.0	0.0	False	0	0	0	False	False	0.7219214285714285	14
NDUFB8	I										False	0	0	0	0.0	0.0	False	0	0	0	False	False	0.7545285714285715	14
MRPS34	I										False	0	0	0	0.0	0.0	False	0	0	0	False	False	0.7385999999999999	14
RAD17	I										False	0	0	0	0.0	0.0	False	0	0	0	False	False	0.9003214285714287	14
ACIN1	I	0.0	55.0	0.0	6.918e-05	False	1.0	0.0	0.0	0.0	True	0	0	0	0.0	0.0	False	0	0	0	False	False	0.9098642857142859	14
CHCHD4	I										False	0	0	0	0.0	0.0	False	0	0	0	False	False	0.8086285714285714	14
EXOC3	I										False	0	0	0	0.0	0.0	False	0	0	0	False	False	0.8649857142857142	14
MYBL2	II										False	5	8	13	0.00057663	0.00036284	True	288	2	3	True	True	0.7506714285714285	14
GUCD1	I										False	0	0	0	0.0	0.0	False	0	0	0	False	False	0.7177285714285715	14
ESF1	I	0.0	31.0	0.0	6.918e-05	False	1.0	0.0	0.0	0.0	True	0	0	0	0.0	0.0	False	0	0	0	False	False	0.6184357142857143	14
ATP6V1H	I										False	0	0	0	0.0	0.0	False	0	0	0	False	False	0.7804857142857141	14
LAMTOR2	I										False	0	0	0	0.0	0.0	False	0	0	0	False	False	0.8183928571428571	14
FAM32A	I										False	0	0	0	0.0	0.0	False	0	0	0	False	False	0.7123642857142857	14
WDR12	I										False	0	0	0	0.0	0.0	False	0	0	0	False	False	0.6031714285714285	14
EIF3J	I										False	0	0	0	0.0	0.0	False	0	0	0	False	False	0.8206857142857144	14
RANGAP1	I										False	0	0	0	0.0	0.0	False	0	0	0	False	False	0.8211428571428572	14
SMC3	I										False	0	0	0	0.0	0.0	False	0	0	0	False	False	0.6394142857142857	14
SPRTN	I										False	0	0	0	0.0	0.0	False	0	0	0	False	False	0.8971785714285714	14
CDK9	I										False	0	0	0	0.0	0.0	False	0	0	0	False	False	0.9682714285714286	14
MT2A	I	0.0	49.0	0.0	6.918e-05	False	1.0	0.0	0.0	0.0	True	1	0	1	0.0	0.00028394	False	1	0	0	False	True	0.9342357142857143	14
RNPS1	I										False	0	0	0	0.0	0.0	False	0	0	0	False	False	0.7812928571428573	14
ACTL6A	I										False	0	0	0	0.0	0.0	False	0	0	0	False	False	0.888792857142857	14
RPF1	I										False	0	0	0	0.0	0.0	False	0	0	0	False	False	0.7498428571428571	14
CLASRP	I										False	0	0	0	0.0	0.0	False	0	0	0	False	False	0.8813000000000001	14
NUFIP1	I										False	0	0	0	0.0	0.0	False	0	0	0	False	False	0.9009357142857145	14
ZNF468	I	0.0	46.0	0.0	6.918e-05	False	1.0	0.0	0.0	0.0	True	0	0	0	0.0	0.0	False	0	0	0	False	False	0.9474642857142858	14
ZFC3H1	I	0.0	30.0	0.0	6.918e-05	False	1.0	0.0	0.0	0.0	True	0	0	0	0.0	0.0	False	0	0	0	False	False	0.8778642857142858	14
NUP35	I										False	0	0	0	0.0	0.0	False	0	0	0	False	False	0.9086785714285713	14
DDX51	I										False	0	0	0	0.0	0.0	False	0	0	0	False	False	0.6587857142857143	14
PPME1	I										False	0	0	0	0.0	0.0	False	0	0	0	False	False	0.917607142857143	14
EFTUD2	I										False	0	0	0	0.0	0.0	False	0	0	0	False	False	0.5580928571428573	14
CHMP2A	I										False	0	0	0	0.0	0.0	False	0	0	0	False	False	0.6960642857142858	14
RNPC3	I										False	0	0	0	0.0	0.0	False	0	0	0	False	False	0.7894214285714286	14
ELP6	I										False	0	0	0	0.0	0.0	False	0	0	0	False	False	0.9724214285714285	14
SUPT6H	I										False	0	0	0	0.0	0.0	False	0	0	0	False	False	0.49987857142857145	14
SEPHS2	I										False	0	0	0	0.0	0.0	False	0	0	0	False	False	0.9608785714285715	14
CYCS	I										False	0	0	0	0.0	0.0	False	0	0	0	False	False	0.7875	14
SSBP3	I										False	0	0	0	0.0	0.0	False	0	0	0	False	False	0.8794071428571428	14
RPS3A	I	0.0	49.0	0.0	6.918e-05	False	1.0	0.0	0.0	0.0	True	3	0	3	0.0	0.00054342	False	1	0	0	False	True	0.3995285714285714	14
LAMTOR4	I										False	0	0	0	0.0	0.0	False	0	0	0	False	False	0.8332857142857142	14
NCBP2	I										False	0	0	0	0.0	0.0	False	0	0	0	False	False	0.7272642857142857	14
CCDC59	I										False	0	0	0	0.0	0.0	False	0	0	0	False	False	0.8751785714285714	14
DNAJA1	I	0.0	0.0	0.0	6.918e-05	False	1.0	0.0	0.0	0.0	True	0	0	0	0.0	0.0	False	0	0	0	False	False	0.7634214285714285	14
BUB1	I	0.0	31.0	0.0	6.918e-05	False	1.0	0.0	0.0	0.0	True	0	0	0	0.0	0.0	False	0	0	0	False	False	0.6945285714285714	14
SRP19	I										False	0	0	0	0.0	0.0	False	0	0	0	False	False	0.8389285714285715	14
CDC73	I										False	1	0	1	0.0	0.0002751	False	1	0	0	False	True	0.6183500000000001	14
CTR9	I										False	0	0	0	0.0	0.0	False	0	0	0	False	False	0.6448214285714285	14
NXF1	I	0.0	43.0	0.0	6.918e-05	False	1.0	0.0	0.0	0.0	True	0	0	0	0.0	0.0	False	0	0	0	False	False	0.9141785714285714	14
HUWE1	I										False	0	0	0	0.0	0.0	False	0	0	0	False	False	0.8430714285714286	14
NIP7	I										False	0	0	0	0.0	0.0	False	0	0	0	False	False	0.48759285714285705	14
HSD17B12	I										False	0	0	0	0.0	0.0	False	0	0	0	False	False	0.6359357142857143	14
OPA1	I	0.0	27.0	0.0	6.918e-05	False	1.0	0.0	0.0	0.0	True	0	0	0	0.0	0.0	False	0	0	0	False	False	0.7857642857142856	14
VHL	III										False	1	20	21	0.00038839	0.00027729	True	288	1	3	False	True	0.9208999999999999	14
TPR	I										False	0	0	0	0.0	0.0	False	0	0	0	False	False	0.7183357142857142	14
TOMM22	I										False	0	0	0	0.0	0.0	False	0	0	0	False	False	0.7609142857142857	14
XRN2	I										False	0	0	0	0.0	0.0	False	0	0	0	False	False	0.8379071428571427	14
MSTO1	I										False	0	0	0	0.0	0.0	False	0	0	0	False	False	0.9590928571428572	14
COPB2	I										False	0	0	0	0.0	0.0	False	0	0	0	False	False	0.5744714285714286	14
GINS3	I										False	1	0	1	0.0	0.00027955	False	1	0	0	False	True	0.6268642857142858	14
GTF2A2	I										False	0	0	0	0.0	0.0	False	0	0	0	False	False	0.8111428571428572	14
MED20	I										False	0	0	0	0.0	0.0	False	0	0	0	False	False	0.5247428571428572	14
GLI4	I										False	0	0	0	0.0	0.0	False	0	0	0	False	False	0.9428642857142856	14
RPS3	I	0.0	49.0	0.0	6.918e-05	False	1.0	0.0	0.0	0.0	True	0	0	0	0.0	0.0	False	0	0	0	False	False	0.3957642857142857	14
NAA10	I										False	0	0	0	0.0	0.0	False	0	0	0	False	False	0.8828857142857142	14
ISG20L2	I	0.0	59.0	0.0	6.918e-05	False	1.0	0.0	0.0	0.0	True	0	0	0	0.0	0.0	False	0	0	0	False	False	0.7453142857142857	14
EMC3	I										False	0	0	0	0.0	0.0	False	0	0	0	False	False	0.9315428571428571	14
DYNC1I2	I										False	0	0	0	0.0	0.0	False	0	0	0	False	False	0.6054928571428572	14
MYC	III	1783.0	42.0	0.00056583	0.01216781	True	157.0	68.0	102.0	170.0	True	74	100	174	0.01767225	0.00348693	True	288	7	21	False	True	0.8168214285714285	14
USP10	I										False	0	0	0	0.0	0.0	False	0	0	0	False	False	0.9172999999999999	14
CCT8	I										False	0	0	0	0.0	0.0	False	0	0	0	False	False	0.6892357142857143	14
RMI1	I	0.0	36.0	0.0	6.918e-05	False	1.0	0.0	0.0	0.0	True	0	0	0	0.0	0.0	False	0	0	0	False	False	0.8655285714285713	14
POLR1B	I										False	0	0	0	0.0	0.0	False	0	0	0	False	False	0.6649214285714287	14
ATL2	I										False	0	0	0	0.0	0.0	False	0	0	0	False	False	0.9292214285714288	14
MRPL14	I										False	0	0	0	0.0	0.0	False	0	0	0	False	False	0.7846357142857144	14
HCFC1	II										False	2	3	5	0.00015397	0.00028929	True	288	1	3	False	True	0.839592857142857	14
NFATC2IP	I										False	0	0	0	0.0	0.0	False	0	0	0	False	False	0.9314	14
PSMA3	I										False	0	0	0	0.0	0.0	False	0	0	0	False	False	0.4682928571428571	14
FAM136A	I										False	0	0	0	0.0	0.0	False	0	0	0	False	False	0.8009071428571428	14
WDR5	I										False	1	1	2	8.502e-05	0.00031141	True	288	0	0	False	True	0.9175214285714285	14
DIMT1	I										False	0	0	0	0.0	0.0	False	0	0	0	False	False	0.6406071428571428	14
THAP1	I	2062.0	41.0	0.0012326	0.01382605	True	157.0	72.0	108.0	180.0	True	0	0	0	0.0	0.0	False	0	0	0	False	False	0.8179142857142859	14
POLR2L	I										False	0	0	0	0.0	0.0	False	0	0	0	False	False	0.7404214285714286	14
CIAPIN1	I										False	0	0	0	0.0	0.0	False	0	0	0	False	False	0.7284071428571429	14
METTL1	I										False	0	0	0	0.0	0.0	False	0	0	0	False	False	0.9135214285714286	14
PSMD13	I										False	0	0	0	0.0	0.0	False	0	0	0	False	False	0.5682142857142856	14
HMGA1	II										False	3	17	20	0.00074708	0.00029554	True	288	1	3	False	True	0.8757642857142859	14
UBE2N	I										False	0	0	0	0.0	0.0	False	0	0	0	False	False	0.8748499999999998	14
PCF11	I	0.0	49.0	0.0	6.918e-05	False	1.0	0.0	0.0	0.0	True	0	0	0	0.0	0.0	False	0	0	0	False	False	0.6931928571428572	14
PGPEP1	I										False	0	0	0	0.0	0.0	False	0	0	0	False	False	0.8262785714285714	14
TIMM23B	I										False	0	0	0	0.0	0.0	False	0	0	0	False	False	0.4606071428571429	14
PAXBP1	I	0.0	33.0	0.0	6.918e-05	False	1.0	0.0	0.0	0.0	True	0	0	0	0.0	0.0	False	0	0	0	False	False	0.7899214285714287	14
PFN1	I										False	0	0	0	0.0	0.0	False	0	0	0	False	False	0.7640714285714285	14
PDRG1	I	0.0	44.0	0.0	6.918e-05	False	1.0	0.0	0.0	0.0	True	0	0	0	0.0	0.0	False	0	0	0	False	False	0.7969928571428573	14
RPS16	I										False	0	0	0	0.0	0.0	False	0	0	0	False	False	0.5055285714285714	14
PXN	I	0.0	62.0	0.0	6.918e-05	False	1.0	0.0	0.0	0.0	True	0	0	0	0.0	0.0	False	0	0	0	False	False	0.9168642857142856	14
UNC45A	I										False	0	0	0	0.0	0.0	False	0	0	0	False	False	0.8450428571428572	14
PSMC6	I										False	0	0	0	0.0	0.0	False	0	0	0	False	False	0.46058571428571426	14
NCAPH	I										False	0	0	0	0.0	0.0	False	0	0	0	False	False	0.756542857142857	14
RPL7	I	0.0	53.0	0.0	6.918e-05	False	1.0	0.0	0.0	0.0	True	0	0	0	0.0	0.0	False	0	0	0	False	False	0.3132428571428572	14
ANAPC11	I										False	0	0	0	0.0	0.0	False	0	0	0	False	False	0.9642285714285714	14
GINS4	I	0.0	56.0	0.0	6.918e-05	False	1.0	0.0	0.0	0.0	True	0	0	0	0.0	0.0	False	0	0	0	False	False	0.6277714285714285	14
MRPL45	I										False	0	0	0	0.0	0.0	False	0	0	0	False	False	0.8445928571428573	14
MOCS3	I										False	0	0	0	0.0	0.0	False	0	0	0	False	False	0.9721785714285714	14
NAA35	I										False	0	0	0	0.0	0.0	False	0	0	0	False	False	0.9269642857142857	14
TRMT5	I										False	0	0	0	0.0	0.0	False	0	0	0	False	False	0.8321499999999998	14
RTCB	I										False	0	0	0	0.0	0.0	False	0	0	0	False	False	0.84185	14
VPS72	I										False	0	0	0	0.0	0.0	False	0	0	0	False	False	0.9129142857142858	14
CENPW	I										False	1	0	1	0.0	0.00026858	False	1	0	0	False	True	0.9266142857142856	14
ARF4	I	0.0	32.0	0.0	6.918e-05	False	1.0	0.0	0.0	0.0	True	0	0	0	0.0	0.0	False	0	0	0	False	False	0.9596999999999999	14
TIMM22	I										False	0	0	0	0.0	0.0	False	0	0	0	False	False	0.9224142857142859	14
RNF8	I										False	1	0	1	0.0	0.00039888	False	1	0	0	False	True	0.8782642857142857	14
VPS41	I										False	0	0	0	0.0	0.0	False	0	0	0	False	False	0.8094642857142856	14
ATF4	II	223.0	60.0	6.022e-05	0.0020666	True	157.0	14.0	21.0	35.0	True	3	35	38	0.00083806	0.00044867	True	288	2	6	False	True	0.8808428571428571	14
INTS2	I										False	0	0	0	0.0	0.0	False	0	0	0	False	False	0.5325142857142857	14
TERF2	I										False	1	0	1	0.0	0.00026858	False	1	0	0	False	True	0.8591928571428571	14
KPNB1	I										False	2	0	2	0.0	0.0002881	False	1	0	0	False	True	0.667192857142857	14
MIS18BP1	I	0.0	29.0	0.0	6.918e-05	False	1.0	0.0	0.0	0.0	True	0	0	0	0.0	0.0	False	0	0	0	False	False	0.9360571428571429	14
DDX19A	I										False	0	0	0	0.0	0.0	False	0	0	0	False	False	0.9512357142857144	14
ELP2	I										False	0	0	0	0.0	0.0	False	0	0	0	False	False	0.94005	14
MBTPS1	I										False	0	0	0	0.0	0.0	False	0	0	0	False	False	0.9625714285714285	14
ZW10	I										False	0	0	0	0.0	0.0	False	0	0	0	False	False	0.8292142857142856	14
OXA1L	I										False	0	0	0	0.0	0.0	False	0	0	0	False	False	0.6663500000000001	14
GPKOW	I										False	0	0	0	0.0	0.0	False	0	0	0	False	False	0.7532642857142857	14
GRSF1	I										False	0	0	0	0.0	0.0	False	0	0	0	False	False	0.69865	14
GNPNAT1	I										False	0	0	0	0.0	0.0	False	0	0	0	False	False	0.964707142857143	14
CXXC1	I										False	0	0	0	0.0	0.0	False	0	0	0	False	False	0.7537500000000001	14
PTPMT1	I										False	0	0	0	0.0	0.0	False	0	0	0	False	False	0.9155428571428572	14
PRIM2	I										False	0	0	0	0.0	0.0	False	0	0	0	False	False	0.53345	14
MCM3AP	I										False	0	0	0	0.0	0.0	False	0	0	0	False	False	0.7514642857142856	14
COX11	I										False	0	0	0	0.0	0.0	False	0	0	0	False	False	0.8579928571428572	14
SASS6	I										False	0	0	0	0.0	0.0	False	0	0	0	False	False	0.8883714285714286	14
SSBP1	I										False	0	0	0	0.0	0.0	False	0	0	0	False	False	0.8185071428571428	14
NPLOC4	I										False	0	0	0	0.0	0.0	False	0	0	0	False	False	0.7631	14
POLR2C	I										False	0	0	0	0.0	0.0	False	0	0	0	False	False	0.4543428571428571	14
RPL24	I										False	0	0	0	0.0	0.0	False	0	0	0	False	False	0.3229857142857143	14
RPS23	I										False	0	0	0	0.0	0.0	False	0	0	0	False	False	0.42292142857142856	14
PSMB6	I										False	0	0	0	0.0	0.0	False	0	0	0	False	False	0.5439071428571428	14
TMSB10	I	0.0	46.0	0.0	6.918e-05	False	1.0	0.0	0.0	0.0	True	0	0	0	0.0	0.0	False	0	0	0	False	False	0.9223642857142857	14
NSMCE1	I										False	0	0	0	0.0	0.0	False	0	0	0	False	False	0.8954785714285715	14
SDHC	I										False	0	0	0	0.0	0.0	False	0	0	0	False	False	0.8792642857142859	14
ALYREF	I										False	0	0	0	0.0	0.0	False	0	0	0	False	False	0.7553642857142859	14
ZNHIT2	I										False	0	0	0	0.0	0.0	False	0	0	0	False	False	0.9035	14
MAD2L1	I										False	4	0	4	0.0	0.00038113	False	1	0	0	False	True	0.8019428571428572	14
FEN1	I	0.0	45.0	0.0	6.918e-05	False	1.0	0.0	0.0	0.0	True	0	0	0	0.0	0.0	False	0	0	0	False	False	0.9117357142857143	14
ORC6	I										False	0	0	0	0.0	0.0	False	0	0	0	False	False	0.7131071428571428	14
LENG8	I										False	0	0	0	0.0	0.0	False	0	0	0	False	False	0.8933785714285715	14
UBA2	I										False	0	0	0	0.0	0.0	False	0	0	0	False	False	0.8198214285714285	14
MSRB1	I										False	0	0	0	0.0	0.0	False	0	0	0	False	False	0.9356714285714283	14
MRPL18	I										False	0	0	0	0.0	0.0	False	0	0	0	False	False	0.7025571428571428	14
XPO5	I										False	0	0	0	0.0	0.0	False	0	0	0	False	False	0.8794571428571428	14
SNRPF	I										False	0	0	0	0.0	0.0	False	0	0	0	False	False	0.4744142857142858	14
PRPF40A	I										False	0	0	0	0.0	0.0	False	0	0	0	False	False	0.7876357142857141	14
CNOT1	I										False	0	0	0	0.0	0.0	False	0	0	0	False	False	0.6478142857142857	14
POLD3	I	0.0	20.0	0.0	6.918e-05	False	1.0	0.0	0.0	0.0	True	0	0	0	0.0	0.0	False	0	0	0	False	False	0.6961285714285713	14
PSMD9	I										False	0	0	0	0.0	0.0	False	0	0	0	False	False	0.9868357142857143	14
ZRSR2	I										False	0	0	0	0.0	0.0	False	0	0	0	False	False	0.8675499999999998	14
RINT1	I										False	0	0	0	0.0	0.0	False	0	0	0	False	False	0.8198857142857141	14
WDR26	I	0.0	48.0	0.0	6.918e-05	False	1.0	0.0	0.0	0.0	True	0	0	0	0.0	0.0	False	0	0	0	False	False	0.8630714285714285	14
SYF2	I	0.0	45.0	0.0	6.918e-05	False	1.0	0.0	0.0	0.0	True	0	0	0	0.0	0.0	False	0	0	0	False	False	0.7999428571428572	14
DHX16	I										False	0	0	0	0.0	0.0	False	0	0	0	False	False	0.6202142857142857	14
ORC5	I										False	0	0	0	0.0	0.0	False	0	0	0	False	False	0.827507142857143	14
SDHA	I										False	0	0	0	0.0	0.0	False	0	0	0	False	False	0.9344714285714286	14
AHCY	I										False	0	0	0	0.0	0.0	False	0	0	0	False	False	0.9426571428571429	14
PPP1R2	I	0.0	47.0	0.0	6.918e-05	False	1.0	0.0	0.0	0.0	True	0	0	0	0.0	0.0	False	0	0	0	False	False	0.9476642857142856	14
RPS27	I	0.0	41.0	0.0	6.918e-05	False	1.0	0.0	0.0	0.0	True	0	0	0	0.0	0.0	False	0	0	0	False	False	0.42665000000000003	14
PTPN23	I										False	0	0	0	0.0	0.0	False	0	0	0	False	False	0.9785142857142857	14
INO80B	V										False	0	0	0	0.0	0.0	False	0	0	0	False	False	0.863107142857143	14
KIF23	I	0.0	32.0	0.0	6.918e-05	False	1.0	0.0	0.0	0.0	True	0	0	0	0.0	0.0	False	0	0	0	False	False	0.8445071428571429	14
TUBGCP6	I										False	0	0	0	0.0	0.0	False	0	0	0	False	False	0.9447214285714286	14
GNL3L	I										False	0	0	0	0.0	0.0	False	0	0	0	False	False	0.7264214285714286	14
ATP6V1G1	I										False	0	0	0	0.0	0.0	False	0	0	0	False	False	0.8798571428571428	14
SPTSSA	I										False	0	0	0	0.0	0.0	False	0	0	0	False	False	0.9340285714285713	14
DDX41	I										False	0	0	0	0.0	0.0	False	0	0	0	False	False	0.6509428571428572	14
HNRNPC	I										False	0	0	0	0.0	0.0	False	0	0	0	False	False	0.6934357142857144	14
NSA2	I										False	0	0	0	0.0	0.0	False	0	0	0	False	False	0.7209142857142857	14
TLCD1	I										False	0	0	0	0.0	0.0	False	0	0	0	False	False	0.9481285714285714	14
CENPC	I										False	0	0	0	0.0	0.0	False	0	0	0	False	False	0.71765	14
MRPL54	I										False	0	0	0	0.0	0.0	False	0	0	0	False	False	0.7856214285714284	14
RAD51	III										False	8	1	9	0.00171312	0.00063362	True	288	0	0	False	True	0.6692142857142857	14
AIFM1	I										False	0	0	0	0.0	0.0	False	0	0	0	False	False	0.9659285714285714	14
NUMA1	I										False	0	0	0	0.0	0.0	False	0	0	0	False	False	0.7037785714285715	14
RPL36AL	I										False	0	0	0	0.0	0.0	False	0	0	0	False	False	0.9379071428571429	14
EXOSC1	I										False	0	0	0	0.0	0.0	False	0	0	0	False	False	0.884892857142857	14
MAX	I										False	0	5	5	0.0	0.00026669	False	1	0	0	False	True	0.6420714285714285	14
UXS1	I										False	0	0	0	0.0	0.0	False	0	0	0	False	False	0.92955	14
ACTR1A	I										False	0	0	0	0.0	0.0	False	0	0	0	False	False	0.9605142857142857	14
TTC1	I										False	0	0	0	0.0	0.0	False	0	0	0	False	False	0.9152499999999998	14
BRIX1	I										False	0	0	0	0.0	0.0	False	0	0	0	False	False	0.6073785714285714	14
INTS9	I										False	0	0	0	0.0	0.0	False	0	0	0	False	False	0.5872642857142857	14
POP4	I										False	0	0	0	0.0	0.0	False	0	0	0	False	False	0.8131428571428571	14
CHERP	I										False	0	0	0	0.0	0.0	False	0	0	0	False	False	0.8402357142857143	14
NSL1	I										False	0	0	0	0.0	0.0	False	0	0	0	False	False	0.8583857142857143	14
ELP3	I										False	0	0	0	0.0	0.0	False	0	0	0	False	False	0.9010928571428573	14
SUMO2	I										False	1	0	1	0.0	0.00027781	False	1	0	0	False	True	0.9065214285714286	14
LTV1	I										False	0	0	0	0.0	0.0	False	0	0	0	False	False	0.6538	14
PGS1	I										False	0	0	0	0.0	0.0	False	0	0	0	False	False	0.8933071428571429	14
FBXO5	I	0.0	55.0	0.0	6.918e-05	False	1.0	0.0	0.0	0.0	True	0	0	0	0.0	0.0	False	0	0	0	False	False	0.8001500000000001	14
EIF4G1	I	0.0	76.0	0.0	6.918e-05	False	1.0	0.0	0.0	0.0	True	0	0	0	0.0	0.0	False	0	0	0	False	False	0.6955428571428571	14
DHFR	I	0.0	46.0	0.0	6.918e-05	False	1.0	0.0	0.0	0.0	True	3	0	3	0.0	0.00032497	False	1	0	0	False	True	0.9551499999999999	14
PSMC1	I										False	0	0	0	0.0	0.0	False	0	0	0	False	False	0.40804999999999997	14
CNIH4	I										False	0	0	0	0.0	0.0	False	0	0	0	False	False	0.8545642857142858	14
BRD4	V										False	1	0	1	0.0	0.0002873	False	1	0	0	False	True	0.883807142857143	14
TP53RK	I										False	0	0	0	0.0	0.0	False	0	0	0	False	False	0.8888142857142858	14
RPL13	I										False	0	0	0	0.0	0.0	False	0	0	0	False	False	0.6003357142857142	14
GEMIN6	I										False	0	0	0	0.0	0.0	False	0	0	0	False	False	0.9579571428571428	14
SUPV3L1	I										False	0	0	0	0.0	0.0	False	0	0	0	False	False	0.8159571428571428	14
USPL1	I										False	0	0	0	0.0	0.0	False	0	0	0	False	False	0.8612642857142856	14
MED4	I										False	0	0	0	0.0	0.0	False	0	0	0	False	False	0.43060714285714285	14
MRPL16	I										False	0	0	0	0.0	0.0	False	0	0	0	False	False	0.8126357142857144	14
COQ2	I										False	0	0	0	0.0	0.0	False	0	0	0	False	False	0.9359928571428572	14
SYS1	I										False	0	0	0	0.0	0.0	False	0	0	0	False	False	0.9149357142857143	14
WBP1L	I										False	0	0	0	0.0	0.0	False	0	0	0	False	False	0.9828571428571429	14
ATRIP	I										False	0	0	0	0.0	0.0	False	0	0	0	False	False	0.7957428571428571	14
BCAR1	I										False	2	0	2	0.0	0.00043071	False	1	0	0	False	True	0.9337714285714285	14
MRPS22	I										False	0	0	0	0.0	0.0	False	0	0	0	False	False	0.7813214285714286	14
CDC40	I										False	0	0	0	0.0	0.0	False	0	0	0	False	False	0.7016071428571429	14
SRFBP1	I										False	0	0	0	0.0	0.0	False	0	0	0	False	False	0.7838071428571428	14
PSMD12	I										False	0	0	0	0.0	0.0	False	0	0	0	False	False	0.48034285714285724	14
RBM10	I										False	0	0	0	0.0	0.0	False	0	0	0	False	False	0.9459285714285716	14
SNAPC2	I	0.0	57.0	0.0	6.918e-05	False	1.0	0.0	0.0	0.0	True	0	0	0	0.0	0.0	False	0	0	0	False	False	0.8569357142857144	14
HEATR1	I	0.0	33.0	0.0	6.918e-05	False	1.0	0.0	0.0	0.0	True	0	0	0	0.0	0.0	False	0	0	0	False	False	0.5354928571428571	14
HSPA14	I										False	0	0	0	0.0	0.0	False	0	0	0	False	False	0.9741428571428571	14
ZNHIT3	I										False	0	0	0	0.0	0.0	False	0	0	0	False	False	0.96835	14
PPP6C	I										False	0	0	0	0.0	0.0	False	0	0	0	False	False	0.9336714285714286	14
OGFOD1	I										False	0	0	0	0.0	0.0	False	0	0	0	False	False	0.8662428571428571	14
POLE2	I										False	2	0	2	0.0	0.00027698	False	1	0	0	False	True	0.8928785714285714	14
PFDN2	I	0.0	46.0	0.0	6.918e-05	False	1.0	0.0	0.0	0.0	True	0	0	0	0.0	0.0	False	0	0	0	False	False	0.768392857142857	14
AARS2	I										False	0	0	0	0.0	0.0	False	0	0	0	False	False	0.8760714285714286	14
SCAP	I										False	0	0	0	0.0	0.0	False	0	0	0	False	False	0.9447857142857143	14
SPATA5L1	I										False	0	0	0	0.0	0.0	False	0	0	0	False	False	0.8533928571428573	14
SSU72	I	0.0	35.0	0.0	6.918e-05	False	1.0	0.0	0.0	0.0	True	0	0	0	0.0	0.0	False	0	0	0	False	False	0.6748357142857143	14
SPC25	I	0.0	30.0	0.0	6.918e-05	False	1.0	0.0	0.0	0.0	True	0	0	0	0.0	0.0	False	0	0	0	False	False	0.46216428571428564	14
RCL1	I										False	0	0	0	0.0	0.0	False	0	0	0	False	False	0.6477357142857142	14
RPL34	I	0.0	15.0	0.0	6.918e-05	False	1.0	0.0	0.0	0.0	True	0	0	0	0.0	0.0	False	0	0	0	False	False	0.2776571428571429	14
UBA5	I										False	0	0	0	0.0	0.0	False	0	0	0	False	False	0.8817857142857143	14
TFB2M	I										False	0	0	0	0.0	0.0	False	0	0	0	False	False	0.9657	14
RBM28	I										False	0	0	0	0.0	0.0	False	0	0	0	False	False	0.7574428571428572	14
RAD51D	I	0.0	50.0	0.0	6.918e-05	False	1.0	0.0	0.0	0.0	True	0	0	0	0.0	0.0	False	0	0	0	False	False	0.8920571428571427	14
MRPS35	I										False	0	0	0	0.0	0.0	False	0	0	0	False	False	0.718007142857143	14
LSM12	I										False	0	0	0	0.0	0.0	False	0	0	0	False	False	0.9022285714285715	14
KIF18B	I										False	0	0	0	0.0	0.0	False	0	0	0	False	False	0.8798785714285714	14
MED10	I	0.0	31.0	0.0	6.918e-05	False	1.0	0.0	0.0	0.0	True	0	0	0	0.0	0.0	False	0	0	0	False	False	0.40802142857142865	14
RPA2	I	0.0	31.0	0.0	6.918e-05	False	1.0	0.0	0.0	0.0	True	1	0	1	0.0	0.00027955	False	1	0	0	False	True	0.5509142857142858	14
SAE1	I										False	0	0	0	0.0	0.0	False	0	0	0	False	False	0.8290285714285714	14
NCBP1	I										False	1	0	1	0.0	0.0005725	False	1	0	0	False	True	0.7517428571428572	14
CHMP6	I										False	0	0	0	0.0	0.0	False	0	0	0	False	False	0.6345857142857143	14
MRPS31	I										False	0	0	0	0.0	0.0	False	0	0	0	False	False	0.7989928571428572	14
PARN	I										False	0	0	0	0.0	0.0	False	0	0	0	False	False	0.9443571428571429	14
GIT2	I										False	0	0	0	0.0	0.0	False	0	0	0	False	False	0.7428785714285715	14
U2SURP	I	0.0	27.0	0.0	6.918e-05	False	1.0	0.0	0.0	0.0	True	0	0	0	0.0	0.0	False	0	0	0	False	False	0.7993928571428571	14
EDC4	I										False	0	0	0	0.0	0.0	False	0	0	0	False	False	0.9316642857142856	14
USP39	I										False	0	0	0	0.0	0.0	False	0	0	0	False	False	0.740857142857143	14
ADAT2	I										False	0	0	0	0.0	0.0	False	0	0	0	False	False	0.9466357142857145	14
EIF3A	I	0.0	42.0	0.0	6.918e-05	False	1.0	0.0	0.0	0.0	True	0	0	0	0.0	0.0	False	0	0	0	False	False	0.5486285714285714	14
NOL6	I										False	0	0	0	0.0	0.0	False	0	0	0	False	False	0.5897142857142856	14
GAR1	I										False	0	0	0	0.0	0.0	False	0	0	0	False	False	0.8303214285714287	14
PSMA2	I										False	0	0	0	0.0	0.0	False	0	0	0	False	False	0.791107142857143	14
PRPF3	I	0.0	42.0	0.0	6.918e-05	False	1.0	0.0	0.0	0.0	True	0	0	0	0.0	0.0	False	0	0	0	False	False	0.4865214285714285	14
TADA3	I										False	0	0	0	0.0	0.0	False	0	0	0	False	False	0.8699857142857143	14
CPSF4	I										False	0	0	0	0.0	0.0	False	0	0	0	False	False	0.8070071428571428	14
PSMD6	I										False	1	0	1	0.0	0.00040643	False	1	0	0	False	True	0.5121	14
VPS33A	I										False	0	0	0	0.0	0.0	False	0	0	0	False	False	0.8471785714285714	14
XRCC1	I										False	2	0	2	0.0	0.00033624	False	1	0	0	False	True	0.8837571428571426	14
KIF4A	I	0.0	44.0	0.0	6.918e-05	False	1.0	0.0	0.0	0.0	True	0	0	0	0.0	0.0	False	0	0	0	False	False	0.9743285714285713	14
MFAP1	I										False	0	0	0	0.0	0.0	False	0	0	0	False	False	0.5216785714285714	14
MRPL28	I										False	0	0	0	0.0	0.0	False	0	0	0	False	False	0.8395214285714286	14
PES1	I										False	0	0	0	0.0	0.0	False	0	0	0	False	False	0.7596642857142858	14
ABT1	I										False	0	0	0	0.0	0.0	False	0	0	0	False	False	0.7595142857142857	14
GATA1	III										False	9	57	66	0.00286523	0.00071214	True	288	4	9	True	True	0.6988857142857142	14
WDR1	I	0.0	41.0	0.0	6.918e-05	False	1.0	0.0	0.0	0.0	True	0	0	0	0.0	0.0	False	0	0	0	False	False	0.95705	14
CCNK	I										False	0	0	0	0.0	0.0	False	0	0	0	False	False	0.8860857142857145	14
GAPDH	I	0.0	59.0	0.0	6.918e-05	False	1.0	0.0	0.0	0.0	True	3	0	3	0.0	0.00029721	False	1	0	0	False	True	0.7852071428571428	14
SSRP1	I										False	0	0	0	0.0	0.0	False	0	0	0	False	False	0.4897714285714286	14
FXN	I										False	1	0	1	0.0	0.00028045	False	1	0	0	False	True	0.81025	14
RPS12	I										False	0	0	0	0.0	0.0	False	0	0	0	False	False	0.4242214285714286	14
EXOSC4	I										False	0	0	0	0.0	0.0	False	0	0	0	False	False	0.6997	14
WDR4	I										False	0	0	0	0.0	0.0	False	0	0	0	False	False	0.8523285714285714	14
WDTC1	I										False	0	0	0	0.0	0.0	False	0	0	0	False	False	0.8220071428571428	14
PDCD7	I										False	0	0	0	0.0	0.0	False	0	0	0	False	False	0.8249714285714286	14
NAA38	I										False	0	0	0	0.0	0.0	False	0	0	0	False	False	0.56815	14
TUT1	I										False	0	0	0	0.0	0.0	False	0	0	0	False	False	0.8197785714285715	14
HDAC3	II										False	2	24	26	0.00038094	0.00027977	True	288	0	0	False	True	0.9243785714285714	14
THOC6	I										False	0	0	0	0.0	0.0	False	0	0	0	False	False	0.8639285714285714	14
USP7	I										False	4	0	4	0.0	0.00030512	False	1	0	0	False	True	0.9322642857142858	14
C1QBP	I										False	1	0	1	0.0	0.00026858	False	1	0	0	False	True	0.7128785714285714	14
PDAP1	I										False	0	0	0	0.0	0.0	False	0	0	0	False	False	0.8570500000000001	14
DR1	I										False	2	4	6	0.00033699	0.00041051	True	288	0	0	False	True	0.9532857142857143	14
METAP2	I										False	1	0	1	0.0	0.00032337	False	1	0	0	False	True	0.8690142857142854	14
MRPS14	I										False	0	0	0	0.0	0.0	False	0	0	0	False	False	0.7191928571428571	14
NELFA	I										False	0	0	0	0.0	0.0	False	0	0	0	False	False	0.9093714285714285	14
RPS18	I										False	0	0	0	0.0	0.0	False	0	0	0	False	False	0.39270714285714287	14
SNRPA1	I	0.0	43.0	0.0	6.918e-05	False	1.0	0.0	0.0	0.0	True	0	0	0	0.0	0.0	False	0	0	0	False	False	0.5917285714285715	14
RAC3	I	0.0	57.0	0.0	6.918e-05	False	1.0	0.0	0.0	0.0	True	0	0	0	0.0	0.0	False	0	0	0	False	False	0.8777499999999999	14
VPS54	I										False	0	0	0	0.0	0.0	False	0	0	0	False	False	0.687992857142857	14
RBM14	I										False	0	0	0	0.0	0.0	False	0	0	0	False	False	0.8191499999999999	14
ARGLU1	I	0.0	33.0	0.0	6.918e-05	False	1.0	0.0	0.0	0.0	True	0	0	0	0.0	0.0	False	0	0	0	False	False	0.8893714285714286	14
CIAO1	I										False	1	0	1	0.0	0.0002751	False	1	0	0	False	True	0.8713285714285715	14
GTF3C5	I										False	0	0	0	0.0	0.0	False	0	0	0	False	False	0.8827857142857143	14
ARIH1	I	0.0	46.0	0.0	6.918e-05	False	1.0	0.0	0.0	0.0	True	0	0	0	0.0	0.0	False	0	0	0	False	False	0.8732357142857142	14
MAU2	I										False	0	0	0	0.0	0.0	False	0	0	0	False	False	0.8521214285714286	14
DNAJC8	I										False	0	0	0	0.0	0.0	False	0	0	0	False	False	0.815992857142857	14
SMC1A	I										False	0	0	0	0.0	0.0	False	0	0	0	False	False	0.5543928571428571	14
SNAPC4	I										False	0	0	0	0.0	0.0	False	0	0	0	False	False	0.8671499999999999	14
MANF	I	0.0	42.0	0.0	6.918e-05	False	1.0	0.0	0.0	0.0	True	0	0	0	0.0	0.0	False	0	0	0	False	False	0.9333000000000001	14
PFDN5	I										False	0	0	0	0.0	0.0	False	0	0	0	False	False	0.9238142857142858	14
RAD51C	I										False	0	0	0	0.0	0.0	False	0	0	0	False	False	0.8005285714285713	14
POLR2F	I										False	0	0	0	0.0	0.0	False	0	0	0	False	False	0.4692571428571428	14
NEDD1	I										False	0	0	0	0.0	0.0	False	0	0	0	False	False	0.7995571428571429	14
SDAD1	I										False	0	0	0	0.0	0.0	False	0	0	0	False	False	0.5440642857142857	14
EIF1	I	0.0	38.0	0.0	6.918e-05	False	1.0	0.0	0.0	0.0	True	0	0	0	0.0	0.0	False	0	0	0	False	False	0.9427071428571432	14
CDC20	I	0.0	45.0	0.0	6.918e-05	False	1.0	0.0	0.0	0.0	True	2	0	2	0.0	0.00050141	False	1	0	0	False	True	0.7418071428571429	14
RFC1	I										False	0	0	0	0.0	0.0	False	0	0	0	False	False	0.7263785714285713	14
CEP85	I										False	0	0	0	0.0	0.0	False	0	0	0	False	False	0.8795714285714287	14
SUPT5H	I										False	0	0	0	0.0	0.0	False	0	0	0	False	False	0.5081714285714286	14
CSNK1A1	I										False	1	0	1	0.0	0.00030447	False	1	0	0	False	True	0.7528642857142857	14
RPL37	I										False	0	0	0	0.0	0.0	False	0	0	0	False	False	0.39959285714285714	14
PIK3C3	II	0.0	34.0	0.0	6.918e-05	False	1.0	0.0	0.0	0.0	True	0	0	0	0.0	0.0	False	0	0	0	False	False	0.9429214285714286	14
RPS19BP1	I										False	0	0	0	0.0	0.0	False	0	0	0	False	False	0.721142857142857	14
RFT1	I										False	0	0	0	0.0	0.0	False	0	0	0	False	False	0.8676785714285715	14
EMC7	I										False	0	0	0	0.0	0.0	False	0	0	0	False	False	0.9014214285714285	14
NHP2	I										False	0	0	0	0.0	0.0	False	0	0	0	False	False	0.8551785714285715	14
TAF1D	I	0.0	43.0	0.0	6.918e-05	False	1.0	0.0	0.0	0.0	True	0	0	0	0.0	0.0	False	0	0	0	False	False	0.8141214285714286	14
NAE1	I										False	0	0	0	0.0	0.0	False	0	0	0	False	False	0.8930428571428571	14
NDUFB3	I										False	0	0	0	0.0	0.0	False	0	0	0	False	False	0.9544214285714284	14
MCM4	I	0.0	38.0	0.0	6.918e-05	False	1.0	0.0	0.0	0.0	True	1	0	1	0.0	0.00028078	False	1	0	0	False	True	0.71525	14
POLR3K	I										False	0	0	0	0.0	0.0	False	0	0	0	False	False	0.83395	14
NCAPD3	I										False	0	0	0	0.0	0.0	False	0	0	0	False	False	0.9812428571428572	14
YARS2	I										False	0	0	0	0.0	0.0	False	0	0	0	False	False	0.8017857142857142	14
SMAGP	I	0.0	43.0	0.0	6.918e-05	False	1.0	0.0	0.0	0.0	True	0	0	0	0.0	0.0	False	0	0	0	False	False	0.9222785714285714	14
KANSL2	I										False	0	0	0	0.0	0.0	False	0	0	0	False	False	0.7331571428571427	14
BCAS2	I										False	1	0	1	0.0	0.00049341	False	1	0	0	False	True	0.5960214285714286	14
GTF3C4	I										False	0	0	0	0.0	0.0	False	0	0	0	False	False	0.9113642857142857	14
BPTF	I	72.0	56.0	2.015e-05	0.00039955	True	157.0	2.0	3.0	5.0	True	0	1	1	0.0	0.00026669	False	1	0	0	False	True	0.8956285714285714	14
COPA	I	0.0	39.0	0.0	6.918e-05	False	1.0	0.0	0.0	0.0	True	0	0	0	0.0	0.0	False	0	0	0	False	False	0.5442357142857143	14
RPL9	I										False	0	0	0	0.0	0.0	False	0	0	0	False	False	0.3244214285714286	14
TRMT10C	I										False	0	0	0	0.0	0.0	False	0	0	0	False	False	0.8564357142857143	14
MCM7	I	0.0	70.0	0.0	6.918e-05	False	1.0	0.0	0.0	0.0	True	3	0	3	0.0	0.00031463	False	1	0	0	False	True	0.7496142857142857	14
RPLP2	I										False	0	0	0	0.0	0.0	False	0	0	0	False	False	0.6059714285714286	14
ACTR6	I										False	0	0	0	0.0	0.0	False	0	0	0	False	False	0.9603	14
EIF2S1	I										False	0	0	0	0.0	0.0	False	0	0	0	False	False	0.5761428571428572	14
PPP4C	I										False	0	0	0	0.0	0.0	False	0	0	0	False	False	0.8042214285714285	14
CBLL1	I										False	0	0	0	0.0	0.0	False	0	0	0	False	False	0.9049928571428572	14
WAC	I										False	0	0	0	0.0	0.0	False	0	0	0	False	False	0.9164928571428571	14
RCC1	I										False	1	0	1	0.0	0.00029634	False	1	0	0	False	True	0.8358999999999998	14
YKT6	I										False	0	0	0	0.0	0.0	False	0	0	0	False	False	0.8557642857142858	14
SMARCB1	V										False	1	2	3	3.4e-07	0.00027637	False	1	0	0	False	True	0.943192857142857	14
ZMAT2	I										False	0	0	0	0.0	0.0	False	0	0	0	False	False	0.6286357142857143	14
PHF12	V	0.0	35.0	0.0	6.918e-05	False	1.0	0.0	0.0	0.0	True	0	0	0	0.0	0.0	False	0	0	0	False	False	0.8955285714285715	14
CAPZB	I										False	0	0	0	0.0	0.0	False	0	0	0	False	False	0.8654214285714286	14
SAP130	I										False	0	0	0	0.0	0.0	False	0	0	0	False	False	0.7852357142857143	14
SEC61A1	I										False	0	0	0	0.0	0.0	False	0	0	0	False	False	0.61925	14
SFPQ	I										False	0	6	6	0.0	0.00026669	False	1	0	0	False	True	0.6284214285714286	14
RPP14	I										False	0	0	0	0.0	0.0	False	0	0	0	False	False	0.7354142857142857	14
PMPCA	I										False	0	0	0	0.0	0.0	False	0	0	0	False	False	0.5825857142857143	14
NSRP1	I										False	0	0	0	0.0	0.0	False	0	0	0	False	False	0.6767571428571427	14
CMTR1	I										False	0	0	0	0.0	0.0	False	0	0	0	False	False	0.9102928571428571	14
CDC42	I										False	1	0	1	0.0	0.00028317	False	1	0	0	False	True	0.948557142857143	14
AURKAIP1	I										False	0	0	0	0.0	0.0	False	0	0	0	False	False	0.9113285714285714	14
RIOK2	I										False	0	0	0	0.0	0.0	False	0	0	0	False	False	0.7741714285714287	14
PET117	I										False	0	0	0	0.0	0.0	False	0	0	0	False	False	0.9556214285714286	14
MRPS10	I										False	0	0	0	0.0	0.0	False	0	0	0	False	False	0.7962999999999999	14
ANLN	I	0.0	46.0	0.0	6.918e-05	False	1.0	0.0	0.0	0.0	True	0	0	0	0.0	0.0	False	0	0	0	False	False	0.9634357142857143	14
TRAPPC3	I										False	0	0	0	0.0	0.0	False	0	0	0	False	False	0.8834428571428573	14
YEATS2	V										False	0	0	0	0.0	0.0	False	0	0	0	False	False	0.8718928571428571	14
URI1	I										False	0	1	1	0.0	0.00026669	False	1	0	0	False	True	0.7968428571428571	14
HOXC10	I										False	0	1	1	0.0	0.00026669	False	1	0	0	False	True	0.9736928571428572	14
ARPC3	I										False	0	0	0	0.0	0.0	False	0	0	0	False	False	0.9166571428571428	14
DDX20	I										False	0	0	0	0.0	0.0	False	0	0	0	False	False	0.7784642857142856	14
AHCTF1	I	0.0	50.0	0.0	6.918e-05	False	1.0	0.0	0.0	0.0	True	0	0	0	0.0	0.0	False	0	0	0	False	False	0.83385	14
GRWD1	I										False	0	0	0	0.0	0.0	False	0	0	0	False	False	0.9410142857142858	14
PDCD6	I										False	0	0	0	0.0	0.0	False	0	0	0	False	False	0.9114785714285715	14
SRF	I										False	5	25	30	0.00117482	0.00040491	True	288	0	0	False	True	0.9574428571428572	14
COA5	I										False	0	0	0	0.0	0.0	False	0	0	0	False	False	0.8566357142857145	14
MED19	I	0.0	29.0	0.0	6.918e-05	False	1.0	0.0	0.0	0.0	True	0	0	0	0.0	0.0	False	0	0	0	False	False	0.4307285714285714	14
BOP1	I										False	0	0	0	0.0	0.0	False	0	0	0	False	False	0.7205714285714285	14
SRSF10	I										False	0	0	0	0.0	0.0	False	0	0	0	False	False	0.8137142857142857	14
NUDCD3	I										False	0	0	0	0.0	0.0	False	0	0	0	False	False	0.8014785714285715	14
NOP10	I										False	0	0	0	0.0	0.0	False	0	0	0	False	False	0.7993071428571429	14
PELP1	I										False	3	0	3	0.0	0.00037926	False	1	0	0	False	True	0.7475642857142857	14
PSMD7	I										False	0	0	0	0.0	0.0	False	0	0	0	False	False	0.4371928571428571	14
WDR3	I										False	0	0	0	0.0	0.0	False	0	0	0	False	False	0.5706928571428571	14
MIS12	I										False	0	0	0	0.0	0.0	False	0	0	0	False	False	0.8323999999999999	14
MRPL2	I										False	0	0	0	0.0	0.0	False	0	0	0	False	False	0.7102428571428571	14
ILF2	I										False	0	3	3	0.0	0.00026669	False	1	0	0	False	True	0.9437571428571427	14
QRSL1	I										False	0	0	0	0.0	0.0	False	0	0	0	False	False	0.9130142857142858	14
NPM3	I										False	0	0	0	0.0	0.0	False	0	0	0	False	False	0.89375	14
SURF6	I										False	0	0	0	0.0	0.0	False	0	0	0	False	False	0.6494642857142857	14
XRCC2	I	0.0	46.0	0.0	6.918e-05	False	1.0	0.0	0.0	0.0	True	0	0	0	0.0	0.0	False	0	0	0	False	False	0.8602285714285715	14
PSMB5	I										False	1	0	1	0.0	0.00027017	False	1	0	0	False	True	0.5138071428571428	14
UQCRC1	I										False	0	0	0	0.0	0.0	False	0	0	0	False	False	0.8772785714285716	14
